eta,V_s,T_top,T_bot,phi,alpha,alpha_e,V_w,V_a,L,D,M_air,Cl,Cd,Cm,iter,a_v
0,1,4.2406,4.2444,89.678,89.678,89.678,0,1,0.0026285,0.04775,-0.00092457,0.099121,1.8007,-0.40076,4,0.0031243
0.05,1,4.2418,4.2448,89.57,89.57,56.421,0.65634,1.2003,0.035699,0.05278,-0.00072939,0.93447,1.3816,-0.21946,4,0.33161
0.1,1,4.2436,4.2462,89.357,89.357,37.059,1.3129,1.6593,0.074236,0.059683,-0.00063595,1.0168,0.81748,-0.10012,4,0.61194
0.15,1,4.2433,4.2476,89.169,89.169,26.747,1.9695,2.2217,0.10794,0.059234,-0.0010436,0.82467,0.45254,-0.09164,4,0.9499
0.2,1,4.2522,4.2565,89.188,89.188,20.723,2.6288,2.8257,0.10469,0.063209,-0.0010338,0.49445,0.29852,-0.056118,4,1.6464
0.25,1,4.2616,4.262,89.251,89.251,16.848,3.2888,3.45,0.095551,0.067418,-8.99E-05,0.30274,0.21361,-0.0032743,4,2.7216
0.3,1,4.2598,4.2534,89.244,89.244,14.18,3.9442,4.0817,0.10213,0.053019,0.0015633,0.23118,0.12001,0.040673,4,3.824
0.35,1,4.2179,4.2109,87.861,87.861,12.215,4.5787,4.7229,0.32079,0.015459,0.0016953,0.54233,0.026135,0.032943,5,1.8249
0.4,1,4.1896,4.182,85.934,85.934,10.686,5.2151,5.3793,0.60891,0.018753,0.0018364,0.79355,0.024439,0.027508,4,1.2529
0.45,1,4.1725,4.1647,84.579,84.579,9.4994,5.8549,6.0321,0.80941,0.021546,0.0019094,0.83887,0.02233,0.022746,4,1.1868
0.5,1,4.1607,4.153,83.523,83.523,8.5498,6.4964,6.6834,0.96464,0.024034,0.0018716,0.81439,0.020291,0.018162,4,1.2233
0.55,1,4.1511,4.1437,82.6,82.6,7.7709,7.138,7.3341,1.0996,0.026956,0.0018107,0.77091,0.018898,0.014591,4,1.2928
0.6,1,4.1422,4.1353,81.741,81.741,7.1202,7.7788,7.9841,1.2249,0.030077,0.0016977,0.72461,0.017793,0.011544,4,1.3758
0.65,1,4.1339,4.1278,80.947,80.947,6.5684,8.4191,8.6331,1.3404,0.033463,0.001493,0.67823,0.016932,0.0086832,4,1.4702
0.7,1,4.1249,4.1196,80.15,80.15,6.094,9.0575,9.281,1.4562,0.036924,0.0013042,0.63752,0.016165,0.006563,4,1.5643
0.75,1,4.1141,4.1089,79.285,79.285,5.6806,9.6919,9.9266,1.5818,0.040243,0.0012527,0.60535,0.015402,0.0055107,4,1.6478
0.8,1,4.1021,4.0967,78.395,78.395,5.3176,10.323,10.57,1.7107,0.043606,0.0013054,0.57744,0.014719,0.0050649,4,1.7277
0.85,1,4.0906,4.0849,77.554,77.554,4.9969,10.953,11.211,1.8321,0.047312,0.0013806,0.54971,0.014196,0.0047612,4,1.815
0.9,1,4.0805,4.0747,76.801,76.801,4.7122,11.583,11.851,1.9403,0.051538,0.0014263,0.52095,0.013838,0.0044019,4,1.9154
0.95,1,4.0715,4.0656,76.115,76.115,4.4575,12.213,12.491,2.0386,0.056204,0.0014454,0.49274,0.013585,0.0040156,4,2.0251
1,1,4.0628,4.0569,75.464,75.464,4.2282,12.842,13.129,2.1316,0.061194,0.0014495,0.46634,0.013388,0.003645,4,2.1398
0,2,4.2305,4.2457,88.708,88.708,88.708,0,2,0.013421,0.19115,-0.0037229,0.12653,1.8021,-0.40343,4,0.012497
0.05,2,4.2338,4.2483,88.565,88.565,70.545,0.65616,2.1204,0.073429,0.19956,-0.00353,0.61586,1.6737,-0.34031,4,0.18678
0.1,2,4.235,4.2467,88.256,88.256,55.515,1.3123,2.4253,0.14781,0.21185,-0.0028665,0.94763,1.3583,-0.21125,4,0.34188
0.15,2,4.2376,4.2483,87.82,87.82,44.342,1.969,2.8594,0.22764,0.22889,-0.0026013,1.0499,1.0557,-0.1379,4,0.48039
0.2,2,4.2401,4.2509,87.392,87.392,36.328,2.6261,3.3726,0.30379,0.23875,-0.0026262,1.0072,0.79155,-0.10008,4,0.62924
0.25,2,4.2464,4.2602,87.126,87.126,30.538,3.2856,3.9312,0.3514,0.24186,-0.0033667,0.85747,0.59018,-0.094427,4,0.82943
0.3,2,4.2397,4.2572,86.696,86.696,26.211,3.9406,4.5207,0.42842,0.2372,-0.004275,0.79055,0.43769,-0.090673,4,0.99401
0.35,2,4.2589,4.2748,86.707,86.707,22.921,4.6072,5.1269,0.42555,0.24536,-0.0038722,0.61053,0.35201,-0.063855,5,1.3169
0.4,2,4.275,4.2924,86.773,86.773,20.334,5.2758,5.7465,0.41552,0.25354,-0.0042528,0.47452,0.28954,-0.055824,4,1.7187
0.45,2,4.2923,4.3073,86.893,86.893,18.254,5.9464,6.3757,0.39787,0.26244,-0.0036483,0.36911,0.24347,-0.038903,4,2.2251
0.5,2,4.3146,4.3129,87.04,87.04,16.551,6.6178,7.0116,0.37698,0.26987,0.00041541,0.28917,0.20701,0.0036626,4,2.8515
0.55,2,4.3372,4.3144,87.064,87.064,15.12,7.2897,7.6572,0.37396,0.28253,0.0055657,0.24052,0.18171,0.041146,5,3.4529
0.6,2,4.2886,4.2634,86.879,86.879,13.99,7.9066,8.2605,0.42981,0.18659,0.0061598,0.23754,0.10312,0.039129,5,3.799
0.65,2,4.1891,4.1621,85.061,85.062,13.001,8.4647,8.8643,0.73882,0.063006,0.0064629,0.35459,0.030239,0.035653,5,2.7657
0.7,2,4.0751,4.0477,80.084,80.084,11.914,8.9928,9.5428,1.4792,0.068986,0.0066751,0.61256,0.028568,0.031773,5,1.6166
0.75,2,3.9632,3.9352,75.844,75.844,10.982,9.5048,10.18,2.1008,0.070109,0.0068115,0.7644,0.025511,0.028489,5,1.2998
0.8,2,3.8764,3.8481,72.709,72.709,10.189,10.03,10.795,2.55,0.072809,0.0069226,0.82524,0.023563,0.025751,4,1.2056
0.85,2,3.8083,3.7803,70.288,70.288,9.5084,10.566,11.398,2.8898,0.076992,0.0068298,0.83888,0.02235,0.022789,4,1.1868
0.9,2,3.752,3.725,68.329,68.329,8.9159,11.109,11.992,3.16,0.080162,0.0066047,0.8286,0.02102,0.019906,4,1.2021
0.95,2,3.7038,3.6777,66.658,66.658,8.3924,11.655,12.582,3.3869,0.083949,0.0063642,0.80684,0.019999,0.017427,4,1.2349
1,2,3.6601,3.635,65.162,65.162,7.9243,12.199,13.165,3.5873,0.088092,0.0061111,0.78052,0.019167,0.015283,4,1.2768
0,3,4.2113,4.246,87.084,87.084,87.084,0,3,0.041096,0.43019,-0.0084765,0.1722,1.8025,-0.40824,4,0.028119
0.05,3,4.2168,4.2497,86.884,86.884,74.714,0.65561,3.1054,0.12979,0.44283,-0.0080249,0.50755,1.7316,-0.3607,4,0.14612
0.1,3,4.2172,4.2474,86.513,86.513,63.491,1.3111,3.3463,0.23685,0.45882,-0.0073632,0.79766,1.5452,-0.28503,4,0.2567
0.15,3,4.2191,4.2444,85.985,85.985,53.97,1.9666,3.7005,0.3521,0.47878,-0.0061759,0.96964,1.3185,-0.19549,4,0.35939
0.2,3,4.2204,4.2441,85.307,85.307,46.194,2.6224,4.143,0.47678,0.505,-0.0057961,1.0475,1.1095,-0.14637,5,0.45367
0.25,3,4.2256,4.2473,84.641,84.641,39.998,3.2798,4.647,0.59268,0.52678,-0.0052927,1.035,0.91992,-0.10624,4,0.55346
0.3,3,4.225,4.2505,84.038,84.038,35.083,3.9365,5.1913,0.70187,0.53446,-0.0062191,0.98214,0.74788,-0.10003,5,0.66338
0.35,3,4.2366,4.2665,83.696,83.696,31.169,4.6003,5.7613,0.7627,0.53967,-0.0073002,0.8665,0.61312,-0.095331,4,0.80817
0.4,3,4.2084,4.2436,82.801,82.801,27.914,5.2421,6.3578,0.92515,0.5257,-0.0085906,0.86311,0.49045,-0.092121,4,0.89052
0.45,3,4.227,4.2656,82.658,82.658,25.299,5.9116,6.9627,0.94868,0.53095,-0.0094175,0.73795,0.41301,-0.084203,4,1.0716
0.5,3,4.2556,4.2912,82.666,82.666,23.111,6.5894,7.5807,0.94592,0.54366,-0.0087064,0.62073,0.35676,-0.065671,4,1.2937
0.55,3,4.2819,4.3175,82.752,82.752,21.26,7.2705,8.2075,0.93275,0.55579,-0.008706,0.52217,0.31113,-0.05602,4,1.5547
0.6,3,4.3041,4.3467,82.877,82.877,19.672,7.9549,8.8431,0.91402,0.56971,-0.010388,0.44077,0.27474,-0.057578,4,1.8553
0.65,3,4.3334,4.3676,83.069,83.069,18.3,8.6426,9.4843,0.88591,0.58318,-0.0083543,0.3714,0.24449,-0.040257,5,2.2111
0.7,3,4.3694,4.3782,83.276,83.276,17.102,9.3322,10.131,0.85612,0.59671,-0.0021506,0.31453,0.21923,-0.0090818,4,2.6179
0.75,3,4.404,4.3857,83.483,83.483,16.046,10.023,10.783,0.82701,0.60943,0.0044743,0.26822,0.19765,0.016679,5,3.0763
0.8,3,4.4364,4.3849,83.451,83.451,15.092,10.71,11.447,0.83329,0.62786,0.01257,0.23982,0.1807,0.041582,5,3.4656
0.85,3,4.3843,4.3268,83.383,83.383,14.344,11.308,12.029,0.87816,0.51374,0.014044,0.22887,0.13389,0.042072,6,3.8007
0.9,3,4.2631,4.2071,82.417,82.417,13.695,11.808,12.561,1.0747,0.32054,0.013647,0.25688,0.076612,0.037493,6,3.6292
0.95,3,2.5422,3.1893,33.846,32.226,6.9114,10.521,13.121,3.2307,0.07971,0.0041618,0.70769,0.017461,0.010479,6,1.4088
1,3,4.5723,4.6943,60.471,52.563,5.7371,13.765,14.987,3.6306,0.092372,0.002907,0.6096,0.01551,0.0056104,5,1.6362
0,4,4.1799,4.2423,84.799,84.799,84.799,0,4,0.099925,0.76353,-0.015233,0.23552,1.7996,-0.41267,4,0.049989
0.05,4,4.1872,4.2457,84.516,84.516,75.405,0.65453,4.1145,0.21962,0.78093,-0.014264,0.48924,1.7396,-0.36524,4,0.13947
0.1,4,4.1876,4.2434,84.072,84.072,66.595,1.309,4.3353,0.35834,0.8001,-0.013622,0.71899,1.6053,-0.31416,5,0.22585
0.15,4,4.1856,4.2343,83.413,83.413,58.644,1.9625,4.6532,0.51649,0.82541,-0.011896,0.89955,1.4376,-0.23815,4,0.30686
0.2,4,4.1865,4.228,82.626,82.626,51.73,2.6162,5.0528,0.67691,0.85346,-0.010129,0.99986,1.2606,-0.17197,5,0.38494
0.25,4,4.1838,4.2256,81.687,81.687,45.805,3.2699,5.5204,0.84746,0.88758,-0.010204,1.0487,1.0983,-0.14514,5,0.45906
0.3,4,4.1881,4.2264,80.79,80.79,40.851,3.926,6.0365,1.0037,0.91614,-0.0093516,1.0387,0.94809,-0.11124,5,0.53807
0.35,4,4.1806,4.2216,79.904,79.904,36.721,4.578,6.5862,1.165,0.92656,-0.010015,1.0128,0.80551,-0.10008,5,0.61972
0.4,4,4.1912,4.2389,79.369,79.369,33.324,5.2415,7.156,1.2599,0.93399,-0.01164,0.92778,0.6878,-0.098527,5,0.72464
0.45,4,4.1933,4.2468,78.807,78.807,30.44,5.9011,7.7452,1.3627,0.933,-0.01305,0.85663,0.58653,-0.094295,4,0.83244
0.5,4,4.1398,4.2006,77.518,77.518,27.87,6.5209,8.3545,1.5966,0.90486,-0.01483,0.86264,0.48889,-0.0921,4,0.89193
0.55,4,4.1609,4.2282,77.311,77.311,25.798,7.1943,8.9666,1.6312,0.9094,-0.016411,0.76508,0.42654,-0.088476,4,1.0296
0.6,4,4.1986,4.2622,77.295,77.295,24.007,7.8817,9.5911,1.6316,0.92491,-0.015505,0.66885,0.37917,-0.073061,4,1.1937
0.65,4,4.2377,4.2962,77.356,77.356,22.44,8.575,10.225,1.6209,0.94245,-0.014276,0.58466,0.33995,-0.059189,4,1.3792
0.7,4,4.2711,4.3338,77.477,77.477,21.062,9.2724,10.866,1.6026,0.95942,-0.015314,0.5119,0.30645,-0.056223,7,1.5875
0.75,4,4.302,4.3733,77.635,77.635,19.836,9.9746,11.514,1.5791,0.97864,-0.017394,0.44916,0.27836,-0.056867,77,1.8196
0.8,4,4.337,4.4096,77.861,77.861,18.745,10.682,12.169,1.5459,0.99872,-0.017726,0.39368,0.25434,-0.051888,77,2.0834
0.85,4,4.3876,4.4268,78.126,78.126,17.768,11.393,12.828,1.5079,1.0173,-0.0095562,0.34559,0.23313,-0.025174,4,2.3793
0.9,4,4.4353,4.4424,78.401,78.401,16.885,12.105,13.491,1.4693,1.0349,-0.0017285,0.30445,0.21443,-0.0041167,4,2.7061
0.95,4,4.4835,4.4537,78.662,78.662,16.08,12.819,14.159,1.4328,1.0535,0.0072722,0.26951,0.19816,0.015723,5,3.0616
1,4,4.5381,4.4598,78.631,78.631,15.307,13.539,14.855,1.435,1.0947,0.019097,0.24523,0.18708,0.037512,5,3.3734
0,5,4.1332,4.2298,81.843,81.843,81.843,0,5,0.2091,1.1866,-0.023575,0.31541,1.79,-0.40875,4,0.078108
0.05,5,4.1408,4.2302,81.452,81.452,74.233,0.65291,5.1378,0.36414,1.208,-0.021794,0.52021,1.7258,-0.35788,4,0.15077
0.1,5,4.1387,4.225,80.89,80.89,66.985,1.3055,5.3639,0.54081,1.2303,-0.021063,0.70884,1.6125,-0.31732,4,0.22198
0.15,5,4.132,4.2088,80.078,80.078,60.226,1.9563,5.6743,0.74332,1.2595,-0.018726,0.87059,1.4752,-0.25209,5,0.28993
0.2,5,4.1295,4.198,79.168,79.168,54.161,2.6074,6.0579,0.941,1.2879,-0.016724,0.96696,1.3234,-0.19753,4,0.35724
0.25,5,4.1225,4.1836,78.022,78.022,48.715,3.2569,6.509,1.1597,1.3259,-0.014916,1.0322,1.1802,-0.15261,5,0.42082
0.3,5,4.1161,4.1791,76.852,76.852,43.979,3.9083,7.0117,1.3682,1.3623,-0.015361,1.0495,1.045,-0.13543,5,0.48594
0.35,5,4.1144,4.1715,75.744,75.744,39.921,4.5601,7.5514,1.5646,1.3872,-0.013928,1.0347,0.91736,-0.10587,4,0.55485
0.4,5,4.0971,4.1595,74.672,74.672,36.454,5.206,8.1157,1.7624,1.3903,-0.015206,1.0091,0.79602,-0.10007,4,0.62613
0.45,5,4.1074,4.178,74.034,74.034,33.566,5.8693,8.6944,1.876,1.3952,-0.017235,0.93588,0.69602,-0.098827,5,0.71545
0.5,5,4.1164,4.194,73.475,73.475,31.07,6.5337,9.2883,1.9782,1.3945,-0.018945,0.86469,0.60955,-0.095183,4,0.81172
0.55,5,4.0478,4.1336,72.036,72.036,28.717,7.1392,9.8988,2.244,1.3522,-0.02093,0.8636,0.52039,-0.092588,4,0.87054
0.6,5,4.015,4.1108,71.072,71.072,26.734,7.768,10.514,2.4151,1.3254,-0.023367,0.82391,0.45217,-0.091631,4,0.95087
0.65,5,4.0662,4.1631,71.137,71.137,25.136,8.4674,11.139,2.4002,1.3445,-0.023663,0.72952,0.40865,-0.082669,4,1.0855
0.7,5,4.1131,4.2057,71.141,71.141,23.691,9.1675,11.776,2.397,1.3651,-0.02258,0.65182,0.37122,-0.070578,4,1.2274
0.75,5,4.1618,4.2477,71.22,71.22,22.402,9.8742,12.421,2.3837,1.387,-0.020951,0.58262,0.339,-0.058861,4,1.3843
0.8,5,4.204,4.2945,71.356,71.356,21.247,10.586,13.073,2.3635,1.4087,-0.022095,0.52149,0.31083,-0.056036,4,1.5568
0.85,5,4.2436,4.3433,71.521,71.521,20.2,11.304,13.733,2.3392,1.4329,-0.024312,0.46771,0.28651,-0.055874,8,1.7448
0.9,5,4.2822,4.3962,71.743,71.743,19.251,12.03,14.401,2.3064,1.4603,-0.027806,0.41937,0.26553,-0.058113,5,1.9527
0.95,5,4.3379,4.4301,72.031,72.031,18.394,12.76,15.072,2.2654,1.4852,-0.022514,0.37605,0.24655,-0.042957,6,2.1832
1,5,4.403,4.4523,72.328,72.328,17.607,13.494,15.75,2.2234,1.5117,-0.012053,0.338,0.22981,-0.02106,77,2.4335
0,6,4.0676,4.1994,78.226,78.226,78.226,0,6,0.39438,1.6869,-0.032167,0.41312,1.767,-0.38731,4,0.11248
0.05,6,4.0712,4.1958,77.699,77.699,71.784,0.65093,6.1715,0.58963,1.7096,-0.030411,0.58379,1.6926,-0.34609,4,0.1746
0.1,6,4.0624,4.1813,76.959,76.959,65.575,1.3008,6.4198,0.81457,1.7334,-0.029031,0.74533,1.5861,-0.30533,4,0.23598
0.15,6,4.0505,4.1567,75.964,75.964,59.683,1.9486,6.743,1.0623,1.7634,-0.025922,0.88103,1.4626,-0.24712,5,0.29567
0.2,6,4.0428,4.1385,74.884,74.884,54.307,2.5966,7.1322,1.3015,1.7902,-0.023364,0.96488,1.3272,-0.19909,4,0.35558
0.25,6,4.0285,4.1127,73.53,73.53,49.333,3.2422,7.5857,1.5666,1.8265,-0.020561,1.0267,1.197,-0.15488,4,0.41323
0.3,6,4.0111,4.0985,72.132,72.132,44.903,3.889,8.0897,1.8222,1.8606,-0.021325,1.0501,1.0722,-0.14125,4,0.47201
0.35,6,4.0056,4.0849,70.835,70.835,41.05,4.5385,8.63,2.053,1.8852,-0.019349,1.0395,0.95455,-0.11261,4,0.53454
0.4,6,3.9801,4.0604,69.547,69.547,37.692,5.1791,9.1946,2.2931,1.883,-0.019585,1.0229,0.83995,-0.10042,4,0.59814
0.45,6,3.9679,4.0582,68.577,68.577,34.855,5.8286,9.7734,2.4724,1.8743,-0.022023,0.97611,0.73998,-0.09994,4,0.67048
0.5,6,3.9902,4.0891,68.061,68.061,32.479,6.5012,10.364,2.5642,1.877,-0.024121,0.90025,0.65898,-0.097339,4,0.75773
0.55,6,3.9697,4.0768,67.184,67.184,30.28,7.1455,10.968,2.7297,1.8522,-0.026115,0.85562,0.58056,-0.094089,5,0.8371
0.6,6,3.8535,3.9704,65.327,65.327,28.091,7.7101,11.579,3.0733,1.7665,-0.028521,0.86446,0.49688,-0.092211,4,0.88521
0.65,6,3.8516,3.9799,64.757,64.757,26.422,8.3635,12.196,3.1727,1.7491,-0.031311,0.80435,0.44342,-0.09124,4,0.97592
0.7,6,3.9102,4.0373,64.8,64.8,25.034,9.0701,12.83,3.161,1.7717,-0.031027,0.72416,0.4059,-0.081702,4,1.0944
0.75,6,3.9649,4.0871,64.808,64.808,23.761,9.779,13.475,3.1566,1.7959,-0.029797,0.65558,0.37297,-0.071131,4,1.2198
0.8,6,4.0217,4.1365,64.88,64.88,22.612,10.496,14.129,3.1441,1.8225,-0.027997,0.59393,0.34427,-0.06079,4,1.3563
0.85,6,4.074,4.1891,65.014,65.014,21.576,11.219,14.789,3.1243,1.8483,-0.028091,0.53868,0.31868,-0.055672,4,1.5044
0.9,6,4.1204,4.247,65.171,65.171,20.626,11.948,15.458,3.1015,1.8773,-0.030884,0.48946,0.29626,-0.056022,4,1.664
0.95,6,4.1665,4.3073,65.369,65.369,19.756,12.685,16.136,3.0727,1.9096,-0.034369,0.44506,0.27659,-0.057219,4,1.8369
1,6,4.2171,4.3662,65.627,65.627,18.961,13.432,16.82,3.0356,1.9441,-0.036382,0.40462,0.25914,-0.05574,77,2.0257
0,7,3.9765,4.1417,73.993,73.993,73.993,0,7,0.68409,2.2386,-0.040308,0.52648,1.7228,-0.35656,4,0.15309
0.05,7,3.9688,4.1298,73.278,73.278,68.334,0.64902,7.2136,0.92939,2.2586,-0.039293,0.67354,1.6368,-0.32731,4,0.2086
0.1,7,3.9503,4.0979,72.273,72.273,62.796,1.296,7.4969,1.2137,2.2818,-0.036031,0.81436,1.531,-0.27788,4,0.26365
0.15,7,3.9343,4.0678,71.114,71.114,57.572,1.9419,7.8467,1.4972,2.3036,-0.03256,0.91702,1.4109,-0.22922,4,0.31869
0.2,7,3.9184,4.0356,69.792,69.792,52.695,2.5872,8.2587,1.7856,2.3253,-0.028598,0.98725,1.2857,-0.18175,4,0.37388
0.25,7,3.8911,3.9999,68.211,68.211,48.116,3.2304,8.7305,2.096,2.3521,-0.02654,1.037,1.1637,-0.15093,4,0.42833
0.3,7,3.8679,3.9777,66.673,66.673,44.033,3.8766,9.2476,2.3802,2.3734,-0.026795,1.0496,1.0466,-0.13581,3,0.4851
0.35,7,3.854,3.9527,65.254,65.254,40.458,4.5242,9.797,2.6392,2.3804,-0.02408,1.0369,0.93524,-0.10875,5,0.5451
0.4,7,3.8151,3.9169,63.865,63.865,37.315,5.1613,10.367,2.9053,2.3556,-0.024843,1.0195,0.82659,-0.1002,4,0.60623
0.45,7,3.8018,3.915,62.892,62.892,34.689,5.8128,10.949,3.088,2.3341,-0.027613,0.97147,0.73429,-0.099852,4,0.67581
0.5,7,3.8262,3.9488,62.368,62.368,32.499,6.4885,11.543,3.1827,2.3305,-0.029928,0.90085,0.65965,-0.097368,4,0.75696
0.55,7,3.8032,3.9348,61.49,61.49,30.42,7.1346,12.148,3.3518,2.2926,-0.032096,0.85648,0.58581,-0.09427,4,0.83302
0.6,7,3.656,3.7979,59.482,59.482,28.218,7.6832,12.754,3.7306,2.1632,-0.034628,0.86491,0.50154,-0.092279,4,0.88181
0.65,7,3.6353,3.7899,58.738,58.738,26.587,8.3229,13.369,3.8627,2.1234,-0.03773,0.81496,0.44801,-0.091498,4,0.9623
0.7,7,3.703,3.8595,58.822,58.822,25.315,9.0373,14.006,3.8433,2.1508,-0.038178,0.73881,0.41346,-0.084357,4,1.0702
0.75,7,3.7626,3.9127,58.803,58.803,24.117,9.7495,14.654,3.843,2.1752,-0.036628,0.67483,0.38196,-0.073929,4,1.1823
0.8,7,3.8253,3.9692,58.85,58.85,23.029,10.473,15.314,3.8329,2.2059,-0.035116,0.61634,0.35472,-0.064905,4,1.3036
0.85,7,3.8879,4.0241,58.964,58.964,22.047,11.202,15.979,3.8159,2.2354,-0.033252,0.56359,0.33015,-0.05645,4,1.4341
0.9,7,3.941,4.0883,59.105,59.105,21.143,11.938,16.653,3.7955,2.2678,-0.035929,0.5161,0.30837,-0.056156,4,1.5739
0.95,7,3.994,4.1526,59.272,59.272,20.309,12.682,17.336,3.7719,2.3031,-0.038706,0.47328,0.28899,-0.055823,4,1.7235
1,7,4.045,4.2234,59.482,59.482,19.541,13.436,18.029,3.7417,2.3433,-0.043526,0.43412,0.27187,-0.058045,4,1.8846
0,8,3.848,4.0495,69.208,69.208,69.208,0,8,1.1043,2.8034,-0.049161,0.65067,1.6519,-0.33296,4,0.19996
0.05,8,3.8245,4.0119,68.184,68.184,64.009,0.64798,8.2627,1.421,2.8162,-0.045723,0.78491,1.5556,-0.29029,4,0.25154
0.1,8,3.8001,3.9681,66.934,66.934,58.965,1.2944,8.5901,1.7493,2.8283,-0.041004,0.89401,1.4454,-0.24086,4,0.30337
0.15,8,3.7795,3.9307,65.607,65.607,54.251,1.9411,8.9774,2.0638,2.8333,-0.036906,0.96568,1.3257,-0.19849,4,0.35622
0.2,8,3.7473,3.8788,63.948,63.948,49.68,2.586,9.4265,2.4112,2.8427,-0.032082,1.0233,1.2064,-0.1565,4,0.40903
0.25,8,3.7084,3.8425,62.248,62.248,45.498,3.2325,9.9264,2.7418,2.8466,-0.032735,1.0494,1.0895,-0.144,4,0.4634
0.3,8,3.6898,3.8123,60.712,60.712,41.822,3.8842,10.464,3.0278,2.8428,-0.029909,1.0428,0.97913,-0.11841,4,0.52111
0.35,8,3.6515,3.7682,59.224,59.224,38.562,4.5285,11.026,3.3163,2.8068,-0.028478,1.0286,0.8706,-0.10153,4,0.58049
0.4,8,3.6114,3.7389,57.977,57.977,35.77,5.1727,11.604,3.5614,2.7559,-0.031096,0.99747,0.77187,-0.10011,4,0.64369
0.45,8,3.6266,3.7655,57.318,57.318,33.52,5.8456,12.193,3.6837,2.7379,-0.033878,0.93434,0.69446,-0.098771,4,0.71718
0.5,8,3.6404,3.7888,56.742,56.742,31.52,6.5209,12.796,3.7943,2.7163,-0.036213,0.87387,0.62559,-0.095864,5,0.79521
0.55,8,3.5374,3.6956,55.246,55.246,29.364,7.1215,13.404,4.0894,2.5988,-0.03859,0.85832,0.54546,-0.093099,4,0.85821
0.6,8,3.3946,3.5651,53.452,53.452,27.307,7.6838,14.009,4.4263,2.4442,-0.041591,0.85052,0.46967,-0.091861,4,0.9149
0.65,8,3.4508,3.6329,53.424,53.424,26.029,8.3885,14.641,4.4271,2.4599,-0.044456,0.77889,0.43278,-0.0899,4,1.0099
0.7,8,3.5162,3.6929,53.405,53.405,24.844,9.1032,15.287,4.4257,2.4842,-0.043119,0.71416,0.40086,-0.079976,3,1.1114
0.75,8,3.5828,3.7538,53.421,53.421,23.758,9.8272,15.946,4.4195,2.5144,-0.041715,0.65544,0.3729,-0.07111,4,1.2201
0.8,8,3.6512,3.8138,53.481,53.481,22.765,10.56,16.615,4.4081,2.5483,-0.03968,0.60218,0.34812,-0.062306,4,1.3364
0.85,8,3.7172,3.875,53.599,53.599,21.865,11.299,17.29,4.3911,2.5818,-0.038516,0.55394,0.32569,-0.055849,4,1.4606
0.9,8,3.7738,3.9456,53.736,53.736,21.03,12.045,17.975,4.3717,2.6192,-0.04192,0.51026,0.30571,-0.05624,4,1.5929
0.95,8,3.8315,4.0155,53.897,53.897,20.257,12.8,18.669,4.3493,2.6597,-0.044895,0.4706,0.28779,-0.055836,3,1.7337
1,8,3.8869,4.0928,54.098,54.098,19.542,13.566,19.373,4.3209,2.7059,-0.050256,0.43416,0.27189,-0.058043,4,1.8844
0,9,3.6733,3.8944,63.855,63.855,63.855,0,9,1.6941,3.3347,-0.053957,0.78872,1.5525,-0.28874,4,0.25307
0.05,9,3.6427,3.8407,62.544,62.544,58.994,0.65031,9.3177,2.0571,3.3293,-0.048293,0.89351,1.4461,-0.24111,4,0.30306
0.1,9,3.6169,3.7948,61.169,61.169,54.417,1.3012,9.6947,2.4009,3.3148,-0.043421,0.96332,1.33,-0.20025,4,0.35434
0.15,9,3.5777,3.7307,59.442,59.442,49.894,1.9519,10.133,2.7801,3.3002,-0.037339,1.0211,1.2122,-0.15764,4,0.40646
0.2,9,3.5298,3.6843,57.668,57.668,45.711,2.6049,10.624,3.1393,3.279,-0.037706,1.0489,1.0956,-0.14481,4,0.46039
0.25,9,3.5061,3.6474,56.084,56.084,42.031,3.264,11.155,3.444,3.2525,-0.03447,1.0437,0.9857,-0.12007,4,0.51755
0.3,9,3.4638,3.596,54.567,54.567,38.754,3.918,11.715,3.747,3.1926,-0.03227,1.0296,0.87729,-0.10192,3,0.57676
0.35,9,3.4152,3.5582,53.28,53.28,35.938,4.5707,12.292,4.0089,3.1161,-0.034891,1.0006,0.77779,-0.1001,4,0.6392
0.4,9,3.4277,3.583,52.598,52.598,33.71,5.2494,12.882,4.1396,3.0844,-0.0379,0.94069,0.70091,-0.098994,3,0.71007
0.45,9,3.4479,3.6134,52.068,52.068,31.757,5.9356,13.487,4.2432,3.058,-0.040385,0.87965,0.63395,-0.096231,5,0.78613
0.5,9,3.3546,3.53,50.734,50.734,29.616,6.5618,14.1,4.5152,2.9272,-0.042811,0.85644,0.55522,-0.093338,4,0.85321
0.55,9,3.1748,3.3628,48.768,48.768,27.397,7.1273,14.709,4.8955,2.7115,-0.045868,0.85329,0.47261,-0.091895,4,0.91054
0.6,9,3.2272,3.4284,48.686,48.686,26.139,7.8331,15.344,4.9066,2.7206,-0.049105,0.78589,0.43575,-0.090404,4,1.0003
0.65,9,3.2986,3.4955,48.686,48.686,24.999,8.5555,15.996,4.9012,2.7478,-0.04804,0.72237,0.40498,-0.081384,4,1.0974
0.7,9,3.3687,3.5591,48.691,48.691,23.941,9.2854,16.66,4.8966,2.7784,-0.046452,0.6653,0.3775,-0.072546,3,1.2006
0.75,9,3.441,3.6238,48.737,48.737,22.97,10.025,17.335,4.8865,2.8151,-0.044608,0.6132,0.35325,-0.064341,3,1.3107
0.8,9,3.513,3.6869,48.839,48.839,22.091,10.771,18.017,4.8716,2.8513,-0.042438,0.56593,0.33123,-0.056667,3,1.4278
0.85,9,3.5748,3.7601,48.963,48.963,21.275,11.525,18.709,4.8541,2.8913,-0.045221,0.52297,0.3115,-0.056,3,1.5522
0.9,9,3.6354,3.8346,49.105,49.105,20.517,12.287,19.41,4.8346,2.9349,-0.048605,0.4839,0.29375,-0.055919,3,1.684
0.95,9,3.6953,3.9134,49.277,49.277,19.815,13.059,20.122,4.8107,2.9836,-0.053206,0.44806,0.27788,-0.05696,3,1.8242
1,9,3.7576,3.9947,49.491,49.491,19.166,13.841,20.843,4.781,3.0372,-0.057857,0.41504,0.26366,-0.05773,3,1.9736
0,10,3.4686,3.6898,58.137,58.137,58.137,0,10,2.4078,3.7789,-0.053963,0.908,1.425,-0.23391,4,0.31243
0.05,10,3.4373,3.6327,56.686,56.686,53.644,0.659,10.377,2.7816,3.7407,-0.047684,0.97423,1.3101,-0.19196,4,0.3631
0.1,10,3.3891,3.5595,54.889,54.889,49.159,1.3197,10.813,3.1883,3.6967,-0.041587,1.0283,1.1923,-0.15417,4,0.41535
0.15,10,3.3383,3.5098,53.119,53.119,45.045,1.9847,11.303,3.5572,3.6465,-0.041848,1.05,1.0763,-0.14198,4,0.46993
0.2,10,3.3141,3.467,51.561,51.561,41.438,2.6558,11.835,3.8676,3.5918,-0.037305,1.0412,0.96699,-0.11544,4,0.52774
0.25,10,3.2602,3.4069,50.051,50.051,38.196,3.3222,12.398,4.1838,3.4961,-0.035792,1.0265,0.85776,-0.10094,4,0.58775
0.3,10,3.2173,3.3767,48.88,48.88,35.481,3.9927,12.979,4.4291,3.4026,-0.038902,0.9915,0.76172,-0.1001,4,0.65171
0.35,10,3.2407,3.4125,48.304,48.304,33.366,4.687,13.577,4.5416,3.3687,-0.04192,0.92916,0.68921,-0.09858,4,0.72306
0.4,10,3.254,3.4363,47.745,47.745,31.44,5.3823,14.19,4.6564,3.3253,-0.044475,0.87208,0.62278,-0.095742,4,0.7982
0.45,10,3.1028,3.2954,46.074,46.074,29.097,6.0043,14.811,5.0062,3.1125,-0.046999,0.86063,0.53508,-0.092872,4,0.86324
0.5,10,2.9652,3.1719,44.547,44.547,27.032,6.6218,15.435,5.3048,2.9122,-0.050433,0.83971,0.46098,-0.091761,4,0.9303
0.55,10,3.0414,3.2594,44.619,44.619,25.895,7.3502,16.083,5.2866,2.9437,-0.053189,0.77074,0.42916,-0.089133,4,1.0214
0.6,10,3.1134,3.3241,44.587,44.587,24.784,8.0817,16.746,5.2869,2.9691,-0.051399,0.71097,0.39928,-0.079447,4,1.1169
0.65,10,3.1881,3.3924,44.603,44.603,23.769,8.8242,17.422,5.2802,3.0036,-0.049855,0.65604,0.37318,-0.071198,3,1.2189
0.7,10,3.2644,3.4598,44.653,44.653,22.837,9.5757,18.109,5.2699,3.0428,-0.047678,0.60602,0.34991,-0.06302,3,1.3274
0.75,10,3.3389,3.5268,44.754,44.754,21.99,10.333,18.803,5.2555,3.0822,-0.045849,0.56058,0.32876,-0.056212,3,1.4423
0.8,10,3.4029,3.6047,44.871,44.871,21.203,11.1,19.507,5.2391,3.1259,-0.049241,0.5192,0.30978,-0.056091,3,1.564
0.85,10,3.4667,3.6827,45.006,45.006,20.47,11.874,20.221,5.2208,3.1734,-0.052717,0.48148,0.29267,-0.055882,3,1.6928
0.9,10,3.5293,3.766,45.169,45.169,19.79,12.659,20.946,5.1984,3.2267,-0.057761,0.44682,0.27735,-0.057067,3,1.8294
0.95,10,3.5947,3.8512,45.369,45.369,19.163,13.453,21.68,5.1709,3.2853,-0.062579,0.41488,0.26359,-0.057712,3,1.9744
1,10,3.6828,3.9118,45.607,45.607,18.587,14.253,22.418,5.1403,3.3426,-0.055858,0.38572,0.25082,-0.048178,3,2.1274
0,11,3.2487,3.4523,52.331,52.331,52.331,0,11,3.1833,4.095,-0.049673,0.9921,1.2762,-0.17794,4,0.37804
0.05,11,3.1914,3.3775,50.504,50.504,47.895,0.67513,11.441,3.6051,4.018,-0.045417,1.0386,1.1575,-0.15039,4,0.43115
0.1,11,3.1473,3.3291,48.812,48.812,43.907,1.3563,11.937,3.9651,3.9403,-0.04435,1.0494,1.0428,-0.13491,4,0.48706
0.15,11,3.1197,3.2792,47.309,47.309,40.395,2.0433,12.476,4.2789,3.8517,-0.038917,1.0367,0.93315,-0.10837,4,0.54624
0.2,11,3.0539,3.2152,45.861,45.861,37.233,2.7274,13.047,4.5982,3.718,-0.039339,1.0187,0.82368,-0.10017,4,0.60804
0.25,11,3.034,3.2097,44.93,44.93,34.722,3.4225,13.639,4.7967,3.6277,-0.04286,0.97241,0.73542,-0.099871,4,0.67474
0.3,11,3.0686,3.2562,44.463,44.463,32.733,4.1358,14.249,4.8903,3.5949,-0.045771,0.90827,0.66767,-0.097713,4,0.74769
0.35,11,3.0534,3.2516,43.749,43.749,30.75,4.8391,14.877,5.0463,3.5094,-0.048364,0.85984,0.59797,-0.094721,4,0.82264
0.4,11,2.8075,3.0173,41.539,41.539,28.051,5.4561,15.512,5.5142,3.1609,-0.051175,0.86423,0.49539,-0.09219,5,0.88637
0.45,11,2.7998,3.0255,41.002,41.002,26.526,6.1568,16.159,5.6164,3.0904,-0.055073,0.81109,0.44631,-0.091418,5,0.96724
0.5,11,2.8851,3.114,41.079,41.079,25.441,6.9021,16.826,5.5962,3.1295,-0.055859,0.74545,0.41686,-0.085525,4,1.0596
0.55,11,2.96,3.1802,41.05,41.05,24.371,7.6504,17.506,5.5966,3.1572,-0.053712,0.68869,0.3885,-0.07597,4,1.1565
0.6,11,3.0389,3.2526,41.077,41.077,23.4,8.4107,18.2,5.5881,3.1968,-0.052121,0.63622,0.36396,-0.068209,4,1.2599
0.65,11,3.1192,3.3214,41.144,41.144,22.513,9.1783,18.902,5.5766,3.2382,-0.049332,0.58858,0.34177,-0.059847,4,1.3694
0.7,11,3.1929,3.3954,41.247,41.247,21.701,9.9531,19.614,5.5623,3.2817,-0.049396,0.54525,0.3217,-0.055657,3,1.4853
0.75,11,3.2581,3.4781,41.362,41.362,20.943,10.737,20.336,5.5464,3.3301,-0.053671,0.50575,0.30366,-0.056253,4,1.6078
0.8,11,3.3252,3.5596,41.496,41.496,20.239,11.529,21.068,5.5283,3.3826,-0.057188,0.46967,0.28738,-0.055846,3,1.7372
0.85,11,3.3893,3.6498,41.66,41.66,19.586,12.331,21.811,5.5057,3.4423,-0.06355,0.43643,0.27286,-0.057902,3,1.8744
0.9,11,3.463,3.7329,41.859,41.859,18.986,13.142,22.562,5.479,3.5055,-0.065853,0.40589,0.25969,-0.056074,3,2.0192
0.95,11,3.5616,3.7882,42.089,42.089,18.434,13.958,23.317,5.4503,3.5672,-0.055283,0.37803,0.24742,-0.044074,3,2.1716
1,11,3.6719,3.8313,42.325,42.325,17.913,14.781,24.081,5.4209,3.6317,-0.038892,0.35251,0.23616,-0.02907,3,2.3318
0,12,2.9974,3.1977,46.47,46.47,46.47,0,12,3.996,4.2668,-0.048877,1.0465,1.1174,-0.14712,4,0.4499
0.05,12,2.9661,3.1509,44.895,44.895,42.629,0.70082,12.506,4.3381,4.1649,-0.045076,1.046,1.0042,-0.12492,4,0.50754
0.1,12,2.9242,3.0903,43.429,43.429,39.179,1.4074,13.058,4.6644,4.0335,-0.040531,1.0316,0.89206,-0.10303,4,0.56863
0.15,12,2.8621,3.0382,42.146,42.146,36.173,2.1158,13.643,4.9589,3.8797,-0.042978,1.0047,0.78607,-0.10009,4,0.63313
0.2,12,2.8745,3.065,41.484,41.484,33.903,2.8384,14.251,5.1003,3.8099,-0.04648,0.94705,0.70746,-0.099204,4,0.70299
0.25,12,2.9061,3.1083,41.032,41.032,31.967,3.5712,14.88,5.1973,3.765,-0.04932,0.88522,0.64127,-0.096556,4,0.77796
0.3,12,2.804,3.0169,39.82,39.82,29.663,4.2758,15.527,5.4737,3.5615,-0.051943,0.85615,0.55705,-0.093385,5,0.85222
0.35,12,2.5946,2.822,37.97,37.97,27.14,4.9432,16.185,5.8654,3.2254,-0.055478,0.84437,0.46431,-0.091799,6,0.92389
0.4,12,2.6722,2.9132,38.004,38.004,25.995,5.6965,16.858,5.8537,3.2544,-0.058823,0.77679,0.43186,-0.089723,6,1.0128
0.45,12,2.7524,2.9864,37.985,37.985,24.892,6.4583,17.546,5.8513,3.283,-0.05711,0.71671,0.40213,-0.080405,6,1.1071
0.5,12,2.8337,3.0606,37.994,37.994,23.878,7.2303,18.249,5.8452,3.3197,-0.055358,0.66189,0.37591,-0.072052,4,1.2073
0.55,12,2.9167,3.1346,38.034,38.034,22.946,8.0119,18.964,5.8357,3.3632,-0.05319,0.61191,0.35265,-0.064107,4,1.3137
0.6,12,2.9988,3.2067,38.119,38.119,22.102,8.8002,19.688,5.8231,3.4075,-0.050727,0.56655,0.33152,-0.056728,4,1.4262
0.65,12,3.0694,3.29,38.222,38.222,21.319,9.597,20.422,5.8088,3.4564,-0.053825,0.52524,0.31254,-0.055942,4,1.5451
0.7,12,3.138,3.3752,38.339,38.339,20.59,10.402,21.167,5.793,3.5098,-0.057868,0.4876,0.29542,-0.055986,4,1.6706
0.75,12,3.2066,3.4635,38.478,38.478,19.914,11.217,21.922,5.774,3.5691,-0.062696,0.45309,0.28007,-0.05655,4,1.8033
0.8,12,3.2747,3.558,38.649,38.649,19.29,12.042,22.687,5.7505,3.6356,-0.069126,0.42132,0.26637,-0.058215,4,1.9435
0.85,12,3.3636,3.6304,38.852,38.852,18.718,12.872,23.458,5.7244,3.7024,-0.065114,0.39229,0.25373,-0.05129,3,2.0909
0.9,12,3.4739,3.6789,39.075,39.075,18.187,13.709,24.235,5.6971,3.7692,-0.050025,0.36579,0.242,-0.036918,3,2.2457
0.95,12,3.5886,3.7243,39.294,39.294,17.68,14.555,25.023,5.6697,3.8411,-0.033102,0.34146,0.23133,-0.022914,3,2.4085
1,12,3.6993,3.7711,39.519,39.519,17.203,15.407,25.819,5.6424,3.9134,-0.017531,0.3192,0.22139,-0.0114,3,2.5791
0,13,2.796,2.9802,41.422,41.422,41.422,0,13,4.6659,4.3313,-0.044963,1.0412,0.96649,-0.11532,4,0.52801
0.05,13,2.7358,2.9111,39.994,39.994,38.009,0.73117,13.568,5.0051,4.1553,-0.042773,1.0252,0.85117,-0.10071,4,0.59155
0.1,13,2.6969,2.887,38.957,38.957,35.222,1.4682,14.172,5.2489,4.0088,-0.046364,0.98557,0.7527,-0.10006,4,0.65921
0.15,13,2.7333,2.9368,38.479,38.479,33.128,2.2182,14.801,5.3517,3.9569,-0.049665,0.92124,0.68115,-0.098269,4,0.7322
0.2,13,2.7412,2.9563,37.919,37.919,31.13,2.9722,15.453,5.4825,3.8737,-0.052487,0.86579,0.61174,-0.095273,5,0.80955
0.25,13,2.4809,2.7077,35.823,35.823,28.151,3.6781,16.127,5.9635,3.4419,-0.055345,0.86472,0.49908,-0.092243,5,0.88356
0.3,13,2.4676,2.7118,35.27,35.27,26.522,4.4275,16.81,6.0759,3.3435,-0.059595,0.81082,0.44619,-0.091412,6,0.96759
0.35,13,2.5598,2.8074,35.337,35.337,25.431,5.2083,17.51,6.0561,3.3869,-0.060427,0.74491,0.41659,-0.085432,4,1.0605
0.4,13,2.6421,2.8801,35.312,35.312,24.351,5.9954,18.225,6.0557,3.417,-0.058083,0.68755,0.38796,-0.0758,4,1.1586
0.45,13,2.7281,2.959,35.338,35.338,23.372,6.7938,18.954,6.047,3.4608,-0.056341,0.63475,0.36328,-0.067978,5,1.263
0.5,13,2.8152,3.0336,35.4,35.4,22.482,7.6001,19.693,6.0361,3.5069,-0.053295,0.58692,0.341,-0.059565,4,1.3736
0.55,13,2.8945,3.1144,35.493,35.493,21.667,8.414,20.443,6.023,3.5561,-0.053653,0.54349,0.32089,-0.055649,4,1.4904
0.6,13,2.965,3.2041,35.597,35.597,20.908,9.2368,21.204,6.0085,3.6106,-0.058339,0.50398,0.30285,-0.056245,4,1.6137
0.65,13,3.0374,3.2924,35.719,35.719,20.205,10.068,21.975,5.992,3.6701,-0.062241,0.46794,0.28661,-0.05587,4,1.7439
0.7,13,3.1062,3.3902,35.868,35.868,19.555,10.909,22.757,5.9714,3.7377,-0.069299,0.43483,0.27218,-0.058004,4,1.8814
0.75,13,3.1865,3.4785,36.048,36.048,18.959,11.759,23.547,5.9473,3.8093,-0.071262,0.40451,0.25909,-0.055711,4,2.0263
0.8,13,3.2934,3.5367,36.255,36.255,18.411,12.613,24.342,5.922,3.8797,-0.059376,0.3769,0.24692,-0.043436,3,2.1782
0.85,13,3.4122,3.583,36.466,36.466,17.894,13.475,25.146,5.8961,3.9535,-0.041667,0.35162,0.23578,-0.028561,4,2.3378
0.9,13,3.5291,3.6316,36.674,36.674,17.402,14.347,25.961,5.8703,4.0316,-0.024995,0.32845,0.22557,-0.016074,3,2.5053
0.95,13,3.6404,3.6781,36.902,36.902,16.948,15.22,26.778,5.8446,4.1042,-0.0091872,0.30737,0.21584,-0.0055535,4,2.68
1,13,3.7493,3.719,37.149,37.149,16.528,16.094,27.596,5.8191,4.1706,0.0073867,0.28816,0.20653,0.0042045,4,2.8617
0,14,2.5665,2.752,37.04,37.04,37.04,0,14,5.2837,4.2453,-0.045271,1.0166,0.81681,-0.10012,4,0.61237
0.05,14,2.5586,2.7602,36.243,36.243,34.466,0.76727,14.626,5.4734,4.1219,-0.049206,0.96489,0.72665,-0.099706,4,0.68322
0.1,14,2.6023,2.817,35.833,35.833,32.438,1.5455,15.28,5.5657,4.0711,-0.052396,0.89898,0.65757,-0.097277,4,0.75935
0.15,14,2.5526,2.7789,34.983,34.983,30.196,2.3229,15.959,5.7763,3.8998,-0.055222,0.85528,0.57743,-0.093985,5,0.83942
0.2,14,2.2909,2.5319,32.982,32.982,27.222,3.0714,16.661,6.2385,3.4368,-0.058804,0.84756,0.46692,-0.091829,6,0.91933
0.25,14,2.371,2.6275,32.988,32.988,26.025,3.868,17.373,6.2317,3.4628,-0.062582,0.77865,0.43268,-0.089881,5,1.0102
0.3,14,2.4592,2.7083,32.974,32.974,24.893,4.6752,18.102,6.2281,3.4944,-0.06079,0.71676,0.40215,-0.080413,5,1.107
0.35,14,2.548,2.7893,32.982,32.982,23.853,5.4927,18.846,6.2216,3.5347,-0.058883,0.66057,0.3753,-0.07186,4,1.2099
0.4,14,2.6383,2.8697,33.02,33.02,22.902,6.3199,19.604,6.212,3.5827,-0.056455,0.60955,0.35155,-0.063674,4,1.3191
0.45,14,2.7267,2.9482,33.1,33.1,22.043,7.1544,20.372,6.2001,3.6323,-0.054031,0.5634,0.33006,-0.056434,5,1.4346
0.5,14,2.8023,3.0393,33.195,33.195,21.247,7.9977,21.151,6.1866,3.6874,-0.057832,0.52151,0.31084,-0.056036,5,1.5567
0.55,14,2.8767,3.1312,33.304,33.304,20.509,8.8496,21.941,6.1718,3.7475,-0.062097,0.48346,0.29356,-0.055912,4,1.6856
0.6,14,2.9498,3.2281,33.434,33.434,19.827,9.7106,22.742,6.1538,3.8149,-0.0679,0.44869,0.27816,-0.056906,4,1.8215
0.65,14,3.0246,3.3284,33.594,33.594,19.201,10.581,23.553,6.1317,3.8899,-0.074121,0.41683,0.26443,-0.057916,4,1.965
0.7,14,3.1246,3.401,33.784,33.784,18.629,11.457,24.37,6.1078,3.9648,-0.067443,0.38783,0.25176,-0.049223,4,2.1155
0.75,14,3.2451,3.4509,33.987,33.987,18.097,12.34,25.194,6.0832,4.0409,-0.050214,0.3614,0.24007,-0.03429,4,2.2735
0.8,14,3.3679,3.5,34.185,34.185,17.589,13.232,26.03,6.0585,4.1227,-0.032249,0.33719,0.22945,-0.02063,3,2.4394
0.85,14,3.4857,3.5497,34.392,34.392,17.115,14.129,26.872,6.0341,4.2031,-0.015621,0.31512,0.2195,-0.0093767,3,2.6129
0.9,14,3.5981,3.5941,34.627,34.627,16.682,15.026,27.713,6.01,4.2745,0.00098431,0.29511,0.20989,0.00055555,3,2.7932
0.95,14,3.718,3.634,34.842,34.842,16.26,15.933,28.566,5.9864,4.3533,0.020503,0.27665,0.20118,0.010891,4,2.9822
1,14,3.8728,3.6724,34.929,34.929,15.784,16.88,29.469,5.9657,4.4771,0.048901,0.25905,0.19441,0.024407,4,3.1847
0,15,2.4374,2.6484,33.903,33.903,33.903,0,15,5.6507,4.2211,-0.051495,0.94707,0.70747,-0.099204,4,0.70297
0.05,15,2.4763,2.7004,33.484,33.484,31.854,0.80874,15.681,5.752,4.1556,-0.054674,0.88216,0.63732,-0.09638,5,0.78239
0.1,15,2.2951,2.5307,31.966,31.966,28.981,1.6122,16.39,6.1377,3.7795,-0.057499,0.86163,0.53057,-0.09278,5,0.86543
0.15,15,2.1806,2.4345,30.86,30.86,26.708,2.4164,17.119,6.391,3.5082,-0.061941,0.82237,0.45142,-0.091612,6,0.95285
0.2,15,2.2809,2.5425,30.936,30.936,25.575,3.2464,17.863,6.3681,3.5579,-0.063829,0.75263,0.4205,-0.086711,6,1.0484
0.25,15,2.371,2.6219,30.908,30.908,24.439,4.0851,18.624,6.3677,3.5892,-0.06123,0.69235,0.39025,-0.076522,5,1.1498
0.3,15,2.4646,2.7079,30.931,30.931,23.418,4.9348,19.4,6.3589,3.6367,-0.059352,0.63718,0.36441,-0.06836,4,1.2578
0.35,15,2.5593,2.7892,30.987,30.987,22.491,5.793,20.188,6.3483,3.6877,-0.056083,0.58742,0.34123,-0.059649,4,1.3723
0.4,15,2.6451,2.8768,31.074,31.074,21.648,6.6594,20.987,6.3358,3.7424,-0.056548,0.54245,0.32041,-0.055649,4,1.4934
0.45,15,2.7213,2.9739,31.171,31.171,20.865,7.5347,21.799,6.3221,3.8032,-0.061638,0.50173,0.30183,-0.056226,4,1.6213
0.5,15,2.7993,3.0699,31.286,31.286,20.142,8.4186,22.621,6.3064,3.8699,-0.066038,0.46476,0.2852,-0.05594,5,1.7563
0.55,15,2.8733,3.176,31.426,31.426,19.479,9.312,23.454,6.2864,3.946,-0.073857,0.43096,0.27051,-0.058197,4,1.8988
0.6,15,2.9632,3.2667,31.597,31.597,18.873,10.213,24.295,6.2638,4.0257,-0.074051,0.40018,0.25719,-0.054378,4,2.0487
0.65,15,3.0816,3.3252,31.79,31.79,18.318,11.119,25.143,6.2403,4.1048,-0.059442,0.37225,0.24486,-0.040756,4,2.206
0.7,15,3.2096,3.3747,31.983,31.983,17.792,12.034,26.001,6.2165,4.1887,-0.040277,0.34676,0.23365,-0.025824,4,2.3711
0.75,15,3.3342,3.4267,32.176,32.176,17.295,12.957,26.868,6.1928,4.2756,-0.022583,0.3235,0.22335,-0.01356,4,2.5442
0.8,15,3.4523,3.475,32.393,32.393,16.841,13.881,27.737,6.1697,4.3546,-0.0055379,0.30243,0.21345,-0.0031202,3,2.7245
0.85,15,3.5713,3.5175,32.616,32.616,16.415,14.81,28.61,6.1472,4.4318,0.013144,0.2832,0.20417,0.0069603,4,2.9124
0.9,15,3.7151,3.5579,32.761,32.761,15.962,15.764,29.516,6.1252,4.5396,0.038368,0.26514,0.19651,0.01909,4,3.1119
0.95,15,3.8805,3.5786,32.718,32.718,15.434,16.746,30.464,6.1191,4.6684,0.07367,0.24864,0.18969,0.034407,4,3.3222
1,15,3.9077,3.5108,32.669,32.669,14.991,17.609,31.301,6.1677,4.5887,0.09683,0.23739,0.17662,0.042839,5,3.5126
0,16,2.3545,2.5861,31.397,31.397,31.397,0,16,5.9136,4.2173,-0.056506,0.87112,0.62124,-0.095675,5,0.79983
0.05,16,2.0766,2.3207,29.436,29.436,28.02,0.8418,16.738,6.4191,3.6721,-0.059577,0.86402,0.49426,-0.092174,5,0.88728
0.1,16,2.0929,2.3566,29.059,29.059,26.368,1.691,17.497,6.5019,3.5881,-0.064363,0.80086,0.44197,-0.091125,5,0.98044
0.15,16,2.1947,2.4575,29.092,29.092,25.195,2.5541,18.274,6.4874,3.6328,-0.064121,0.73259,0.41024,-0.083228,5,1.0804
0.2,16,2.2905,2.5434,29.085,29.085,24.073,3.4273,19.068,6.4833,3.6719,-0.061721,0.67244,0.38084,-0.073581,4,1.1868
0.25,16,2.3886,2.6321,29.115,29.115,23.058,4.3108,19.877,6.4737,3.724,-0.05941,0.61789,0.35544,-0.065178,4,1.3001
0.3,16,2.4859,2.7166,29.186,29.186,22.145,5.2027,20.698,6.4624,3.7784,-0.05631,0.56884,0.33259,-0.056972,4,1.4201
0.35,16,2.5689,2.8142,29.274,29.274,21.307,6.1033,21.532,6.4495,3.8388,-0.059852,0.52461,0.31225,-0.055958,4,1.547
0.4,16,2.6492,2.914,29.375,29.375,20.532,7.0126,22.377,6.4354,3.9051,-0.064613,0.48466,0.2941,-0.055932,4,1.6812
0.45,16,2.728,3.0186,29.497,29.497,19.821,7.9309,23.233,6.4181,3.9796,-0.070899,0.44838,0.27802,-0.056933,4,1.8229
0.5,16,2.8089,3.1262,29.647,29.647,19.172,8.8581,24.1,6.3969,4.0628,-0.077401,0.41533,0.26379,-0.057764,5,1.9722
0.55,16,2.9185,3.2017,29.826,29.826,18.581,9.7915,24.974,6.3743,4.1461,-0.069103,0.38541,0.25069,-0.048025,4,2.1291
0.6,16,3.0492,3.2541,30.016,30.016,18.032,10.732,25.856,6.3513,4.2314,-0.050008,0.35827,0.23869,-0.032424,4,2.2937
0.65,16,3.1807,3.3072,30.2,30.2,17.511,11.681,26.749,6.3281,4.3228,-0.030865,0.33352,0.22783,-0.018698,4,2.4667
0.7,16,3.3062,3.3595,30.398,30.398,17.028,12.635,27.647,6.3055,4.4108,-0.013019,0.31109,0.21761,-0.0073829,4,2.6474
0.75,16,3.427,3.4055,30.619,30.619,16.587,13.59,28.547,6.2838,4.4903,0.0052685,0.29079,0.20779,0.0028023,3,2.8354
0.8,16,3.5619,3.4475,30.802,30.802,16.145,14.559,29.464,6.2621,4.5853,0.027917,0.27202,0.19918,0.013939,4,3.0332
0.85,16,3.7379,3.4845,30.829,30.829,15.631,15.567,30.432,6.2446,4.7303,0.061839,0.25428,0.19262,0.028944,4,3.2449
0.9,16,3.8313,3.4496,30.754,30.754,15.126,16.519,31.355,6.2738,4.7421,0.093133,0.24065,0.18189,0.041061,5,3.4505
0.95,16,3.7484,3.3187,30.767,30.767,14.758,17.323,32.131,6.3581,4.4933,0.10484,0.23224,0.16413,0.044017,5,3.63
1,16,3.507,3.0736,30.674,30.674,14.425,17.972,32.766,6.5092,3.9983,0.10576,0.22863,0.14044,0.042701,5,3.7771
0,17,1.9425,2.1938,27.571,27.571,27.571,0,17,6.573,3.6666,-0.061317,0.85769,0.47844,-0.091966,6,0.90293
0.05,17,2.0101,2.2807,27.453,27.453,26.136,0.88698,17.792,6.5951,3.657,-0.066011,0.78569,0.43566,-0.09039,5,1.0005
0.1,17,2.1126,2.3764,27.451,27.451,24.915,1.7853,18.603,6.5881,3.6957,-0.064358,0.71793,0.40274,-0.080613,5,1.105
0.15,17,2.214,2.4688,27.459,27.459,23.793,2.6943,19.431,6.5809,3.7422,-0.062178,0.65733,0.37378,-0.071387,5,1.2164
0.2,17,2.3169,2.5595,27.498,27.498,22.778,3.6133,20.274,6.5707,3.7977,-0.0592,0.60285,0.34843,-0.06243,4,1.3348
0.25,17,2.4146,2.6504,27.576,27.576,21.866,4.5408,21.13,6.5589,3.8563,-0.057528,0.554,0.32572,-0.055851,4,1.4605
0.3,17,2.4979,2.7552,27.665,27.665,21.027,5.4774,21.999,6.5458,3.9221,-0.062792,0.51007,0.30562,-0.056241,4,1.5935
0.35,17,2.5822,2.8586,27.77,27.77,20.255,6.4226,22.879,6.531,3.9942,-0.067432,0.4705,0.28775,-0.055837,4,1.7341
0.4,17,2.6621,2.9721,27.9,27.9,19.55,7.3769,23.771,6.5121,4.0769,-0.075636,0.43459,0.27207,-0.058018,4,1.8825
0.45,17,2.7563,3.0728,28.058,28.058,18.911,8.3391,24.673,6.4904,4.1651,-0.077233,0.40207,0.25802,-0.054994,4,2.0389
0.5,17,2.8827,3.1366,28.24,28.24,18.327,9.3074,25.581,6.468,4.2528,-0.06195,0.37272,0.24507,-0.041033,4,2.2031
0.55,17,3.0205,3.1895,28.423,28.423,17.778,10.284,26.5,6.4453,4.3457,-0.041248,0.3461,0.23336,-0.025459,4,2.3757
0.6,17,3.1542,3.2451,28.605,28.605,17.262,11.268,27.428,6.4228,4.4416,-0.022179,0.32195,0.22264,-0.012779,4,2.5567
0.65,17,3.2807,3.2959,28.812,28.812,16.792,12.254,28.359,6.4014,4.5287,-0.0037056,0.30017,0.21236,-0.0019972,4,2.7453
0.7,17,3.4106,3.3406,29.018,29.018,16.348,13.246,29.296,6.3805,4.6167,0.017086,0.28034,0.20285,0.0086287,4,2.9425
0.75,17,3.574,3.3836,29.127,29.127,15.865,14.266,30.269,6.3591,4.7456,0.046458,0.26174,0.19533,0.021979,4,3.1521
0.8,17,3.7345,3.3899,29.063,29.063,15.316,15.293,31.263,6.3624,4.8544,0.084095,0.24548,0.1873,0.037295,4,3.3695
0.85,17,3.7141,3.2877,29.045,29.045,14.882,16.196,32.136,6.4312,4.6902,0.10404,0.23485,0.17127,0.043671,5,3.5668
0.9,17,3.518,3.0747,29.021,29.021,14.531,16.953,32.87,6.5633,4.2581,0.10815,0.22908,0.14862,0.043389,4,3.7369
0.95,17,0.37286,0.3613,5.0911,5.0911,2.5836,16.499,33.466,8.4462,0.36209,0.0028211,0.28439,0.012192,0.0010918,80,3.5095
1,17,0.3809,0.37108,4.9608,4.9608,2.4529,17.381,34.349,8.4472,0.3799,0.0023947,0.26999,0.012143,0.00087976,81,3.6967
0,18,1.9274,2.2024,26.001,26.001,26.001,0,18,6.677,3.7118,-0.067089,0.77715,0.43202,-0.089754,5,1.0123
0.05,18,2.0328,2.2983,25.985,25.985,24.74,0.93507,18.845,6.6729,3.749,-0.064772,0.70858,0.3981,-0.079058,5,1.121
0.1,18,2.1392,2.3958,26,26,23.602,1.881,19.708,6.6643,3.8005,-0.062606,0.64706,0.369,-0.069869,4,1.2372
0.15,18,2.2467,2.489,26.047,26.047,22.577,2.8369,20.586,6.6537,3.8592,-0.05911,0.59206,0.3434,-0.060456,4,1.3608
0.2,18,2.3446,2.5873,26.127,26.127,21.656,3.8016,21.479,6.6416,3.9223,-0.059227,0.54291,0.32062,-0.055649,4,1.4921
0.25,18,2.4306,2.6968,26.218,26.218,20.809,4.7754,22.384,6.6282,3.9929,-0.064951,0.49888,0.30053,-0.056191,4,1.6311
0.3,18,2.5177,2.806,26.327,26.327,20.035,5.7579,23.301,6.6125,4.0713,-0.070335,0.45929,0.28278,-0.056153,4,1.7781
0.35,18,2.6014,2.9249,26.462,26.462,19.332,6.7494,24.23,6.5924,4.1611,-0.078936,0.42347,0.26729,-0.058281,4,1.9334
0.4,18,2.7112,3.0155,26.627,26.627,18.696,7.748,25.167,6.5706,4.2535,-0.074242,0.39121,0.25325,-0.050808,4,2.0968
0.45,18,2.8498,3.0737,26.808,26.808,18.112,8.7533,26.113,6.5484,4.3468,-0.054655,0.36216,0.2404,-0.034744,4,2.2686
0.5,18,2.9919,3.1299,26.984,26.984,17.561,9.7672,27.069,6.5259,4.4469,-0.033682,0.33586,0.22886,-0.019925,4,2.4493
0.55,18,3.1275,3.1862,27.17,27.17,17.05,10.787,28.032,6.5042,4.5448,-0.014318,0.31213,0.2181,-0.0078976,5,2.6384
0.6,18,3.2576,3.2353,27.38,27.38,16.586,11.808,28.998,6.4838,4.6333,0.00545,0.29077,0.20779,0.0028093,5,2.8356
0.65,18,3.4036,3.28,27.551,27.551,16.123,12.843,29.981,6.4631,4.739,0.030154,0.27116,0.19882,0.014541,5,3.0429
0.7,18,3.5934,3.3174,27.564,27.564,15.582,13.911,31.008,6.4462,4.8948,0.067338,0.25283,0.19198,0.030358,5,3.264
0.75,18,3.6716,3.2652,27.499,27.499,15.061,14.92,31.985,6.4857,4.8704,0.099173,0.23907,0.17953,0.042018,5,3.4797
0.8,18,3.5424,3.0946,27.513,27.513,14.673,15.791,32.826,6.5941,4.5344,0.10925,0.23077,0.15869,0.043948,4,3.6721
0.85,18,3.1357,2.6982,27.249,27.249,14.25,16.45,33.482,6.834,3.7452,0.10675,0.22988,0.12598,0.041275,5,3.8186
0.9,18,0.36177,0.35219,4.6692,4.6692,2.4357,16.506,34.477,8.4507,0.38255,0.0023391,0.2681,0.012136,0.00085296,81,3.7228
0.95,18,0.37097,0.36307,4.5473,4.5473,2.3098,17.436,35.408,8.4514,0.40209,0.0019274,0.2542,0.012094,0.00066635,81,3.9263
1,18,0.38035,0.37394,4.4317,4.4317,2.1934,18.368,36.341,8.4521,0.42226,0.0015631,0.24135,0.012058,0.00051303,81,4.1355
0,19,1.9529,2.2206,24.667,24.667,24.667,0,19,6.7457,3.7926,-0.065319,0.70467,0.39619,-0.07843,5,1.1279
0.05,19,2.0641,2.3226,24.683,24.683,23.5,0.98376,19.898,6.7364,3.8476,-0.063067,0.64161,0.36647,-0.069044,4,1.2485
0.1,19,2.1761,2.4191,24.734,24.734,22.456,1.9776,20.813,6.7255,3.9093,-0.05929,0.58551,0.34034,-0.059329,4,1.3771
0.15,19,2.2753,2.5243,24.815,24.815,21.516,2.9807,21.741,6.7131,3.9767,-0.060757,0.53556,0.31726,-0.055714,4,1.5137
0.2,19,2.365,2.6377,24.907,24.907,20.656,3.9927,22.684,6.6994,4.0519,-0.066539,0.49099,0.29696,-0.056052,4,1.6585
0.25,19,2.4542,2.7538,25.019,25.019,19.873,5.0136,23.638,6.6829,4.1366,-0.073109,0.45102,0.27917,-0.056713,4,1.8118
0.3,19,2.5442,2.8746,25.159,25.159,19.165,6.0432,24.604,6.6621,4.2323,-0.080622,0.415,0.26364,-0.057726,4,1.9738
0.35,19,2.6684,2.9569,25.327,25.327,18.528,7.0796,25.579,6.6403,4.3288,-0.070386,0.38272,0.2495,-0.04663,4,2.1444
0.4,19,2.8155,3.0141,25.504,25.504,17.938,8.1234,26.563,6.6181,4.4286,-0.048441,0.35371,0.23669,-0.029758,4,2.3238
0.45,19,2.9612,3.0733,25.677,25.677,17.382,9.1754,27.558,6.5959,4.5344,-0.027343,0.32753,0.22516,-0.015607,3,2.5124
0.5,19,3.0989,3.1291,25.87,25.87,16.876,10.231,28.557,6.5751,4.633,-0.0073731,0.30405,0.21424,-0.0039189,4,2.7097
0.55,19,0.29299,0.27407,5.1713,5.1713,3.3229,10.573,29.546,8.4502,0.29234,0.0046171,0.36504,0.012629,0.0022926,7,2.7339
0.6,19,3.4065,3.2235,26.191,26.191,15.909,12.374,30.594,6.5339,4.861,0.04465,0.26324,0.19584,0.020677,6,3.1342
0.65,19,3.5848,3.2351,26.137,26.137,15.333,13.469,31.653,6.5336,4.9861,0.085325,0.24591,0.18767,0.036914,5,3.3628
0.7,19,3.5605,3.1205,26.12,26.12,14.863,14.459,32.61,6.6105,4.8007,0.10737,0.23442,0.17024,0.043763,5,3.5766
0.75,19,3.3041,2.85,26.068,26.068,14.464,15.302,33.428,6.7769,4.2519,0.11079,0.2287,0.14349,0.042974,5,3.7634
0.8,19,0.34296,0.33325,4.4322,4.4322,2.4452,15.442,34.416,8.4535,0.38131,0.002371,0.26914,0.01214,0.00086767,83,3.7084
0.85,19,0.35312,0.34518,4.3106,4.3106,2.3124,16.419,35.394,8.4541,0.4018,0.0019363,0.25449,0.012095,0.00066996,81,3.9219
0.9,19,0.36345,0.35708,4.1955,4.1955,2.1901,17.398,36.374,8.4547,0.423,0.0015537,0.24098,0.012057,0.00050901,81,4.1417
0.95,19,0.37398,0.36893,4.0863,4.0863,2.0771,18.378,37.355,8.4553,0.44486,0.001234,0.22851,0.012023,0.00038332,82,4.3678
1,19,0.38476,0.38072,3.9824,3.9824,1.9725,19.36,38.337,8.4559,0.46736,0.000985,0.21697,0.011992,0.00029051,83,4.6002
0,20,1.9872,2.248,23.489,23.489,23.489,0,20,6.7994,3.8843,-0.063632,0.64103,0.3662,-0.068954,4,1.2497
0.05,20,2.1038,2.3485,23.541,23.541,22.413,1.0327,20.951,6.7882,3.9489,-0.059699,0.58321,0.33927,-0.058953,4,1.3829
0.1,20,2.2058,2.4591,23.621,23.621,21.447,2.0748,21.917,6.7756,4.02,-0.061816,0.53194,0.3156,-0.055782,4,1.5246
0.15,20,2.2994,2.5768,23.713,23.713,20.566,3.126,22.897,6.7618,4.0994,-0.067686,0.48639,0.29488,-0.055963,4,1.675
0.2,20,2.391,2.6995,23.827,23.827,19.768,4.1861,23.889,6.7445,4.1897,-0.075265,0.44567,0.27685,-0.057166,4,1.8343
0.25,20,2.4882,2.821,23.97,23.97,19.05,5.2546,24.893,6.7233,4.2906,-0.081218,0.40915,0.26111,-0.056811,4,2.0027
0.3,20,2.6239,2.8983,24.139,24.139,18.404,6.3301,25.906,6.7015,4.3917,-0.066954,0.37656,0.24677,-0.043243,3,2.1802
0.35,20,2.7777,2.9569,24.312,24.312,17.804,7.4133,26.929,6.6793,4.4979,-0.043736,0.34733,0.2339,-0.026142,4,2.3672
0.4,20,2.9269,3.0182,24.484,24.484,17.243,8.5041,27.962,6.6574,4.6082,-0.022271,0.32109,0.22225,-0.012346,3,2.5636
0.45,20,3.0678,3.0735,24.681,24.681,16.737,9.5983,29,6.6374,4.7081,-0.0014048,0.29763,0.21112,-0.00072404,4,2.7692
0.5,20,3.2162,3.122,24.867,24.867,16.255,10.7,30.047,6.6177,4.8138,0.022981,0.27642,0.20108,0.011034,5,2.9846
0.55,20,3.4114,3.1677,24.926,24.926,15.711,11.829,31.129,6.5965,4.974,0.059458,0.25672,0.19358,0.026597,6,3.2137
0.6,20,3.5379,3.1368,24.858,24.858,15.135,12.936,32.2,6.6228,5.0098,0.097852,0.24088,0.18221,0.040907,6,3.4464
0.65,20,3.4168,2.9597,24.867,24.867,14.696,13.922,33.152,6.7364,4.669,0.11153,0.23114,0.1602,0.043988,6,3.6609
0.7,20,0.32385,0.31363,4.2423,4.2423,2.482,14.187,34.164,8.4559,0.37615,0.0024931,0.2732,0.012153,0.00092584,7,3.6533
0.75,20,0.33494,0.32663,4.1195,4.1195,2.34,15.212,35.189,8.4564,0.39745,0.0020262,0.25753,0.012104,0.00070925,83,3.8756
0.8,20,0.34618,0.33957,4.0036,4.0036,2.2097,16.238,36.216,8.4569,0.41954,0.0016135,0.24315,0.012063,0.00053324,81,4.1048
0.85,20,0.35762,0.35242,3.8941,3.8941,2.09,17.265,37.244,8.4574,0.44237,0.0012684,0.22993,0.012027,0.00039636,83,4.3409
0.9,20,0.3693,0.3652,3.7901,3.7901,1.9795,18.294,38.273,8.4579,0.46589,0.0010001,0.21774,0.011994,0.00029596,82,4.5839
0.95,20,0.38123,0.37791,3.6913,3.6913,1.8774,19.324,39.304,8.4583,0.49007,0.00080915,0.20648,0.011964,0.00022704,82,4.8338
1,20,0.39343,0.39063,3.5973,3.5973,1.7828,20.355,40.336,8.4588,0.51493,0.00068134,0.19606,0.011936,0.00018152,82,5.0907
0,21,2.0287,2.2759,22.45,22.45,22.45,0,21,6.8436,3.9784,-0.060311,0.58521,0.3402,-0.059279,4,1.3778
0.05,21,2.1353,2.3906,22.529,22.529,21.45,1.0818,22.003,6.8309,4.0525,-0.062302,0.53208,0.31566,-0.05578,4,1.5242
0.1,21,2.2326,2.5129,22.621,22.621,20.54,2.1728,23.021,6.8169,4.1356,-0.068393,0.48507,0.29428,-0.055939,4,1.6797
0.15,21,2.3273,2.6411,22.734,22.734,19.72,3.2727,24.052,6.7992,4.2307,-0.076571,0.44324,0.2758,-0.057374,4,1.8447
0.2,21,2.4306,2.7645,22.878,22.878,18.986,4.381,25.094,6.7777,4.3365,-0.081463,0.40588,0.25969,-0.056073,4,2.0193
0.25,21,2.5752,2.8403,23.047,23.047,18.326,5.4964,26.146,6.7559,4.4423,-0.064669,0.37267,0.24505,-0.041003,4,2.2034
0.3,21,2.7348,2.901,23.216,23.216,17.713,6.6197,27.209,6.7337,4.5546,-0.040567,0.343,0.232,-0.023751,4,2.3975
0.35,21,2.8881,2.964,23.389,23.389,17.144,7.7501,28.281,6.7121,4.6688,-0.01853,0.31647,0.22013,-0.010042,4,2.6017
0.4,21,3.0334,3.0193,23.587,23.587,16.632,8.884,29.358,6.6926,4.7717,0.0034437,0.29283,0.20878,0.0017319,4,2.8153
0.45,21,3.1944,3.0686,23.754,23.754,16.13,10.028,30.448,6.6725,4.8905,0.030708,0.27142,0.19893,0.014358,5,3.04
0.5,21,3.4043,3.1083,23.761,23.761,15.545,11.199,31.573,6.655,5.0614,0.072234,0.25175,0.19147,0.031408,5,3.2786
0.55,21,3.4642,3.0317,23.71,23.71,14.986,12.318,32.656,6.7095,4.9877,0.10553,0.23726,0.17638,0.042893,6,3.5152
0.6,21,3.2435,2.7793,23.7,23.7,14.543,13.309,33.615,6.867,4.4791,0.11328,0.22917,0.14948,0.043452,8,3.732
0.65,21,0.31594,0.3069,3.9684,3.9684,2.3941,13.812,34.792,8.4582,0.38911,0.0022039,0.2635,0.012122,0.00078919,81,3.7877
0.7,21,0.32807,0.32091,3.8505,3.8505,2.2534,14.885,35.866,8.4587,0.41193,0.0017493,0.24798,0.012076,0.00058944,82,4.0249
0.75,21,0.34039,0.3348,3.7394,3.7394,2.1247,15.96,36.941,8.4591,0.43557,0.0013641,0.23377,0.012037,0.00043328,81,4.2696
0.8,21,0.35292,0.34858,3.6343,3.6343,2.0066,17.036,38.017,8.4595,0.45998,0.0010604,0.22073,0.012002,0.00031803,80,4.5219
0.85,21,0.36571,0.36226,3.5347,3.5347,1.8978,18.113,39.095,8.4599,0.48513,0.00084303,0.20873,0.01197,0.00023909,82,4.7817
0.9,21,0.37877,0.37591,3.4402,3.4402,1.7975,19.192,40.174,8.4603,0.511,0.00069826,0.19768,0.01194,0.00018753,83,5.0491
0.95,21,0.3921,0.3896,3.3503,3.3503,1.7047,20.272,41.255,8.4607,0.53762,0.0006103,0.18747,0.011912,0.00015543,78,5.3242
1,21,0.40571,0.40339,3.2649,3.2649,1.6188,21.354,42.337,8.4611,0.56497,0.0005664,0.17801,0.011886,0.00013697,82,5.6069
0,22,2.0627,2.3176,21.526,21.526,21.526,0,22,6.8802,4.0748,-0.062201,0.53607,0.31749,-0.055706,4,1.5122
0.05,22,2.1636,2.4449,21.616,21.616,20.58,1.1312,23.055,6.8661,4.161,-0.068645,0.48711,0.2952,-0.055977,4,1.6724
0.1,22,2.2622,2.5777,21.728,21.728,19.73,2.2714,24.125,6.8484,4.2599,-0.076978,0.44374,0.27602,-0.057331,4,1.8425
0.15,22,2.3695,2.7053,21.869,21.869,18.972,3.4201,25.206,6.8267,4.3702,-0.08193,0.40519,0.25939,-0.055895,4,2.0228
0.2,22,2.5205,2.7825,22.037,22.037,18.293,4.5762,26.298,6.8048,4.4809,-0.063907,0.37106,0.24433,-0.040055,4,2.2132
0.25,22,2.6858,2.8455,22.204,22.204,17.663,5.7401,27.4,6.7825,4.5986,-0.038958,0.34067,0.23098,-0.022492,4,2.4141
0.3,22,2.8438,2.9102,22.377,22.377,17.083,6.9109,28.512,6.761,4.7169,-0.0162,0.31363,0.21881,-0.0086379,4,2.6256
0.35,22,2.9944,2.966,22.574,22.574,16.56,8.0857,29.629,6.7419,4.824,0.006944,0.28961,0.20722,0.0034286,5,2.8472
0.4,22,3.1684,3.0166,22.723,22.723,16.036,9.2725,30.762,6.7211,4.9561,0.03703,0.26784,0.19751,0.016962,4,3.0806
0.45,22,3.3809,3.0459,22.698,22.698,15.421,10.48,31.926,6.7102,5.1203,0.081739,0.24826,0.18944,0.034761,5,3.3276
0.5,22,3.3793,2.9286,22.67,22.67,14.876,11.621,33.028,6.7896,4.9455,0.10998,0.23472,0.17096,0.0437,5,3.5698
0.55,22,3.0324,2.5687,22.583,22.583,14.389,12.618,33.998,7.009,4.2157,0.11314,0.22867,0.13754,0.042428,6,3.7885
0.6,22,0.30876,0.30067,3.7321,3.7321,2.3235,13.34,35.322,8.4602,0.40028,0.0019735,0.25571,0.012098,0.0006856,80,3.9032
0.65,22,0.32193,0.31564,3.618,3.618,2.1831,14.462,36.444,8.4605,0.42457,0.0015338,0.24021,0.012055,0.00050057,81,4.155
0.7,22,0.33529,0.33046,3.5107,3.5107,2.055,15.585,37.568,8.4609,0.44972,0.0011777,0.22607,0.012016,0.00036169,80,4.415
0.75,22,0.3489,0.34514,3.4093,3.4093,1.9377,16.71,38.693,8.4612,0.47567,0.0009154,0.21313,0.011982,0.00026503,82,4.6832
0.8,22,0.36277,0.35974,3.3133,3.3133,1.8299,17.836,39.819,8.4616,0.50243,0.00073937,0.20125,0.01195,0.00020213,81,4.9596
0.85,22,0.37692,0.37434,3.2223,3.2223,1.7306,18.963,40.947,8.4619,0.52998,0.00063065,0.19032,0.01192,0.00016304,83,5.2444
0.9,22,0.39136,0.38901,3.136,3.136,1.6391,20.092,42.077,8.4622,0.55833,0.0005737,0.18025,0.011893,0.00014046,78,5.5375
0.95,22,0.40609,0.40381,3.0541,3.0541,1.5545,21.223,43.208,8.4626,0.58749,0.00055608,0.17094,0.011867,0.00012911,80,5.8389
1,22,0.42112,0.41879,2.9761,2.9761,1.4761,22.355,44.34,8.4629,0.61746,0.00056784,0.16233,0.011844,0.00012519,80,6.1488
0,23,2.0917,2.3722,20.688,20.688,20.688,0,23,6.9105,4.176,-0.068446,0.49263,0.2977,-0.056084,4,1.6528
0.05,23,2.1948,2.5082,20.796,20.796,19.799,1.1809,24.108,6.8931,4.2774,-0.076462,0.44728,0.27755,-0.057027,4,1.8275
0.1,23,2.3038,2.643,20.934,20.934,19.01,2.3705,25.228,6.8713,4.392,-0.082778,0.40713,0.26023,-0.056375,4,2.0129
0.15,23,2.4588,2.7245,21.1,21.1,18.307,3.5676,26.36,6.8493,4.5074,-0.064844,0.37173,0.24463,-0.040452,4,2.2091
0.2,23,2.63,2.7897,21.265,21.265,17.657,4.7726,27.502,6.8268,4.6301,-0.038958,0.34037,0.23085,-0.022326,4,2.4163
0.25,23,2.7933,2.8563,21.437,21.437,17.06,5.9846,28.654,6.8053,4.7531,-0.015365,0.31256,0.21831,-0.0081114,4,2.6347
0.3,23,2.9496,2.9133,21.632,21.632,16.523,7.2009,29.812,6.7863,4.865,0.0088594,0.28795,0.20642,0.0043208,5,2.8638
0.35,23,3.1348,2.9656,21.768,21.768,15.978,8.4299,30.987,6.7649,5.0084,0.041302,0.26569,0.1967,0.018645,5,3.1055
0.4,23,3.3448,2.9846,21.728,21.728,15.339,9.6748,32.187,6.7604,5.1595,0.087884,0.24608,0.1878,0.03677,5,3.3603
0.45,23,3.295,2.8334,21.716,21.716,14.798,10.847,33.32,6.8604,4.9029,0.11262,0.23303,0.16654,0.043969,7,3.6098
0.5,23,2.7105,2.2583,21.42,21.42,14.183,11.825,34.281,7.2024,3.7482,0.11035,0.23111,0.12027,0.040699,7,3.824
0.55,23,0.30194,0.29458,3.5274,3.5274,2.2682,12.77,35.755,8.4618,0.40954,0.0017966,0.24961,0.012081,0.00060916,80,3.9986
0.6,23,0.31612,0.3105,3.4164,3.4164,2.1272,13.941,36.925,8.4621,0.43524,0.0013716,0.23404,0.012038,0.00043604,10,4.2646
0.65,23,0.33052,0.32624,3.312,3.312,1.9988,15.113,38.097,8.4623,0.46184,0.0010431,0.21987,0.012,0.00031152,83,4.5395
0.7,23,0.34517,0.34183,3.2136,3.2136,1.8815,16.286,39.271,8.4626,0.48931,0.0008161,0.20693,0.011965,0.00022938,83,4.8233
0.75,23,0.3601,0.35735,3.1206,3.1206,1.774,17.461,40.446,8.4629,0.51764,0.00067207,0.19509,0.011933,0.00017808,84,5.1161
0.8,23,0.37532,0.3729,3.0326,3.0326,1.6752,18.637,41.623,8.4632,0.54684,0.00059142,0.18422,0.011903,0.00014798,85,5.418
0.85,23,0.39083,0.38854,2.9493,2.9493,1.5844,19.815,42.801,8.4635,0.57691,0.00055866,0.17423,0.011876,0.00013219,80,5.7288
0.9,23,0.40666,0.40436,2.8702,2.8702,1.5006,20.994,43.98,8.4638,0.60786,0.00056147,0.16501,0.011851,0.00012582,80,6.0488
0.95,23,0.4228,0.42038,2.7952,2.7952,1.4231,22.175,45.162,8.4641,0.63969,0.00059011,0.1565,0.011828,0.00012541,81,6.3779
1,23,0.43927,0.43667,2.7238,2.7238,1.3514,23.358,46.345,8.4644,0.67241,0.00063682,0.14861,0.011806,0.00012852,80,6.7163
0,24,2.1245,2.4322,19.931,19.931,19.931,0,24,6.9341,4.2838,-0.075058,0.45398,0.28046,-0.056484,4,1.7996
0.05,24,2.2333,2.5762,20.064,20.064,19.102,1.2307,25.16,6.9123,4.4022,-0.083658,0.4118,0.26226,-0.057286,4,1.9896
0.1,24,2.3891,2.6659,20.226,20.226,18.368,2.4694,26.331,6.8901,4.5223,-0.067526,0.37476,0.24597,-0.042217,4,2.1909
0.15,24,2.5664,2.733,20.391,20.391,17.694,3.7159,27.513,6.8674,4.6493,-0.040638,0.34211,0.23161,-0.02327,4,2.4038
0.2,24,2.7359,2.8019,20.561,20.561,17.075,4.9695,28.706,6.8457,4.7777,-0.016096,0.31328,0.21864,-0.0084669,4,2.6285
0.25,24,2.8977,2.8608,20.753,20.753,16.521,6.228,29.905,6.8268,4.8945,0.0090122,0.28786,0.20638,0.0043679,4,2.8647
0.3,24,3.0909,2.9148,20.885,20.885,15.958,7.4984,31.121,6.805,5.0452,0.042968,0.26497,0.19644,0.019231,4,3.1139
0.35,24,3.3015,2.9285,20.84,20.84,15.3,8.782,32.359,6.8039,5.1896,0.09101,0.24504,0.18691,0.037675,7,3.3764
0.4,24,3.2205,2.7526,20.835,20.835,14.749,9.9953,33.531,6.919,4.8765,0.11418,0.23207,0.16356,0.044021,8,3.6346
0.45,24,0.28016,0.27125,3.4658,3.4658,2.3846,10.885,34.871,8.463,0.39078,0.002174,0.26246,0.012119,0.00077493,84,3.8028
0.5,24,0.29518,0.28835,3.3497,3.3497,2.2269,12.102,36.089,8.4632,0.41678,0.0016675,0.24505,0.012068,0.00055498,81,4.073
0.55,24,0.31036,0.30522,3.241,3.241,2.0843,13.322,37.308,8.4633,0.44383,0.0012541,0.2293,0.012025,0.00039054,80,4.3528
0.6,24,0.32576,0.32187,3.139,3.139,1.9547,14.542,38.528,8.4636,0.47184,0.00094924,0.21501,0.011987,0.00027718,83,4.6422
0.65,24,0.34144,0.33837,3.0429,3.0429,1.8367,15.764,39.751,8.4638,0.50078,0.00074887,0.202,0.011952,0.00020543,10,4.9412
0.7,24,0.3574,0.35482,2.9523,2.9523,1.7288,16.988,40.974,8.464,0.53065,0.00062925,0.19012,0.011919,0.00016246,81,5.25
0.75,24,0.37365,0.37132,2.8668,2.8668,1.63,18.213,42.2,8.4643,0.56147,0.00057034,0.17924,0.01189,0.00013882,81,5.5685
0.8,24,0.39022,0.38794,2.7859,2.7859,1.5392,19.439,43.426,8.4646,0.59323,0.00055644,0.16926,0.011863,0.0001279,82,5.8969
0.85,24,0.40712,0.40476,2.7093,2.7093,1.4557,20.667,44.655,8.4648,0.62594,0.00057521,0.16008,0.011837,0.00012503,80,6.2351
0.9,24,0.42435,0.42182,2.6366,2.6366,1.3787,21.897,45.885,8.4651,0.6596,0.00061693,0.15162,0.011814,0.00012701,80,6.5832
0.95,24,0.44194,0.43917,2.5677,2.5677,1.3076,23.129,47.117,8.4653,0.69423,0.00067397,0.1438,0.011793,0.00013159,83,6.9412
1,24,0.45989,0.45685,2.5021,2.5021,1.2417,24.362,48.351,8.4655,0.72983,0.00074032,0.13656,0.011773,0.00013727,82,7.3093
0,25,2.159,2.5024,19.251,19.251,19.251,0,25,6.9505,4.4008,-0.083794,0.41938,0.26553,-0.058114,4,1.9527
0.05,25,2.3113,2.6057,19.409,19.409,18.479,1.2804,26.211,6.9279,4.5257,-0.071823,0.38027,0.24841,-0.045314,4,2.1585
0.1,25,2.4943,2.675,19.574,19.574,17.776,2.5687,27.434,6.9051,4.6563,-0.044097,0.34599,0.23331,-0.025397,4,2.3765
0.15,25,2.6709,2.7466,19.74,19.74,17.13,3.8644,28.667,6.883,4.7908,-0.018456,0.31585,0.21984,-0.0097344,4,2.6068
0.2,25,2.8382,2.8082,19.93,19.93,16.555,5.1653,29.908,6.8639,4.9126,0.0073269,0.28938,0.20711,0.0035505,5,2.8495
0.25,25,3.0349,2.8638,20.067,20.067,15.978,6.4768,31.163,6.8422,5.0656,0.041764,0.26569,0.19671,0.018641,5,3.1054
0.3,25,3.254,2.8797,20.026,20.026,15.302,7.8014,32.44,6.8399,5.2173,0.091337,0.24511,0.18696,0.037621,5,3.3754
0.35,25,0.25631,0.24531,3.4332,3.4332,2.5392,8.8054,33.794,8.4642,0.36869,0.002683,0.2795,0.012175,0.0010183,6,3.5709
0.4,25,0.27225,0.26367,3.3099,3.3099,2.3596,10.07,35.058,8.4642,0.3947,0.0020923,0.2597,0.01211,0.00073791,82,3.8432
0.45,25,0.28824,0.28176,3.1953,3.1953,2.1985,11.336,36.324,8.4643,0.42193,0.0015809,0.24192,0.012059,0.00051934,83,4.1258
0.5,25,0.30439,0.29958,3.0883,3.0883,2.0533,12.604,37.592,8.4644,0.45027,0.0011738,0.22588,0.012016,0.00036003,82,4.4187
0.55,25,0.32078,0.31715,2.988,2.988,1.9217,13.873,38.861,8.4646,0.47963,0.00088585,0.21137,0.011977,0.00025426,82,4.7221
0.6,25,0.33745,0.33457,2.8938,2.8938,1.8022,15.144,40.132,8.4648,0.50999,0.00070428,0.1982,0.011941,0.00018954,85,5.0359
0.65,25,0.35441,0.35194,2.8051,2.8051,1.6933,16.416,41.404,8.465,0.54137,0.00060272,0.18621,0.011909,0.0001524,10,5.3602
0.7,25,0.37169,0.36939,2.7215,2.7215,1.5938,17.69,42.678,8.4652,0.57375,0.00056039,0.17526,0.011879,0.00013336,83,5.695
0.75,25,0.38928,0.38698,2.6425,2.6425,1.5027,18.965,43.954,8.4654,0.60716,0.00056114,0.16524,0.011852,0.0001259,81,6.0403
0.8,25,0.40722,0.4048,2.5679,2.5679,1.419,20.242,45.231,8.4657,0.64159,0.00059239,0.15605,0.011826,0.00012551,83,6.3963
0.85,25,0.42552,0.42288,2.4973,2.4973,1.342,21.521,46.51,8.4659,0.67705,0.00064433,0.14759,0.011803,0.00012911,80,6.763
0.9,25,0.4442,0.44129,2.4303,2.4303,1.271,22.801,47.791,8.4661,0.71356,0.00070934,0.13979,0.011782,0.00013462,84,7.1405
0.95,25,0.46326,0.46006,2.3667,2.3667,1.2055,24.084,49.073,8.4663,0.75111,0.00078146,0.13258,0.011762,0.00014066,80,7.5287
1,25,0.48273,0.47922,2.3063,2.3063,1.1447,25.368,50.357,8.4665,0.7897,0.00085606,0.1259,0.011744,0.00014633,80,7.9277
0,26,2.2258,2.5423,18.642,18.642,18.642,0,26,6.9634,4.5179,-0.077237,0.38845,0.25203,-0.049525,4,2.112
0.05,26,2.4128,2.6156,18.807,18.807,17.905,1.3303,27.263,6.9404,4.6514,-0.049483,0.35214,0.236,-0.028858,4,2.3343
0.1,26,2.5975,2.6897,18.969,18.969,17.227,2.6682,28.536,6.9177,4.792,-0.0225,0.32035,0.22191,-0.011976,4,2.5696
0.15,26,2.7706,2.7549,19.157,19.157,16.626,4.012,29.819,6.8982,4.9197,0.0038378,0.29256,0.20865,0.0018709,5,2.818
0.2,26,2.9671,2.8122,19.306,19.306,16.038,5.3645,31.113,6.877,5.0706,0.037788,0.2679,0.19753,0.01692,5,3.08
0.25,26,3.2017,2.838,19.277,19.277,15.347,6.7312,32.43,6.869,5.2427,0.088732,0.2463,0.18799,0.036571,5,3.3569
0.3,26,3.1276,2.6548,19.266,19.266,14.747,8.0488,33.703,6.9892,4.9232,0.11536,0.23204,0.16345,0.044021,5,3.6356
0.35,26,0.26395,0.25553,3.1749,3.1749,2.3481,9.1569,35.146,8.4653,0.39657,0.0020549,0.25843,0.012107,0.00072108,82,3.8621
0.4,26,0.2809,0.27462,3.0612,3.0612,2.1824,10.472,36.461,8.4653,0.42495,0.0015325,0.24013,0.012054,0.00049967,82,4.1564
0.45,26,0.29801,0.2934,2.9553,2.9553,2.0335,11.788,37.777,8.4654,0.4545,0.0011248,0.22369,0.01201,0.00034162,83,4.4619
0.5,26,0.31537,0.3119,2.8562,2.8562,1.899,13.106,39.095,8.4655,0.48515,0.00084568,0.20887,0.01197,0.00023983,84,4.7786
0.55,26,0.33301,0.33024,2.7633,2.7633,1.7773,14.425,40.414,8.4656,0.51688,0.00067586,0.19546,0.011934,0.00017936,83,5.1065
0.6,26,0.35095,0.34854,2.676,2.676,1.6667,15.746,41.735,8.4658,0.54969,0.00058687,0.18328,0.011901,0.00014604,78,5.4457
0.65,26,0.36921,0.36693,2.5939,2.5939,1.5659,17.069,43.058,8.466,0.5836,0.0005568,0.1722,0.011871,0.00013018,80,5.7963
0.7,26,0.38781,0.38548,2.5165,2.5165,1.4739,18.393,44.382,8.4662,0.6186,0.00056877,0.16208,0.011843,0.00012516,80,6.1582
0.75,26,0.40678,0.40428,2.4435,2.4435,1.3896,19.719,45.708,8.4664,0.65471,0.00060979,0.15282,0.011817,0.00012651,81,6.5315
0.8,26,0.42612,0.42337,2.3745,2.3745,1.3123,21.046,47.036,8.4666,0.69193,0.00066981,0.14431,0.011794,0.00013123,83,6.9164
0.85,26,0.44586,0.44282,2.3091,2.3091,1.2411,22.375,48.366,8.4667,0.73027,0.00074107,0.13649,0.011773,0.00013732,80,7.3127
0.9,26,0.46601,0.46266,2.2472,2.2472,1.1755,23.706,49.697,8.4669,0.76973,0.0008176,0.12928,0.011753,0.00014349,80,7.7207
0.95,26,0.4866,0.48293,2.1884,2.1884,1.1148,25.039,51.03,8.4671,0.81031,0.0008948,0.12262,0.011735,0.00014894,80,8.1403
1,26,0.50763,0.50366,2.1325,2.1325,1.0587,26.374,52.365,8.4673,0.85204,0.00096913,0.11645,0.011718,0.00015319,83,8.5717
0,27,2.3213,2.5549,18.084,18.084,18.084,0,27,6.9739,4.6353,-0.05702,0.36075,0.23978,-0.033904,4,2.2776
0.05,27,2.5146,2.6306,18.244,18.244,17.37,1.3802,28.314,6.9504,4.7811,-0.028306,0.32694,0.2249,-0.015304,4,2.5171
0.1,27,2.6949,2.7005,18.426,18.426,16.735,2.7672,29.638,6.9302,4.9164,-0.0013488,0.29751,0.21106,-0.00066558,4,2.7703
0.15,27,2.8888,2.7599,18.59,18.59,16.135,4.1613,30.973,6.9098,5.0627,0.03145,0.27163,0.19902,0.014211,5,3.0376
0.2,27,3.1391,2.8002,18.586,18.586,15.438,5.5697,32.328,6.8936,5.2589,0.082711,0.24875,0.18976,0.034305,5,3.3206
0.25,27,3.1112,2.6402,18.565,18.565,14.798,6.9457,33.657,7.0002,5.003,0.11491,0.23304,0.16655,0.043968,5,3.6097
0.3,27,0.2551,0.24665,3.0584,3.0584,2.3498,8.1449,35.136,8.4662,0.39635,0.0020606,0.25861,0.012107,0.00072348,83,3.8594
0.35,27,0.273,0.26677,2.945,2.945,2.1781,9.5084,36.499,8.4662,0.42579,0.0015198,0.23966,0.012053,0.0004945,82,4.1647
0.4,27,0.29105,0.28653,2.8395,2.8395,2.0244,10.873,37.864,8.4662,0.45648,0.001103,0.22269,0.012007,0.00033348,81,4.482
0.45,27,0.30935,0.30598,2.7411,2.7411,1.8862,12.24,39.23,8.4663,0.48835,0.00082414,0.20745,0.011966,0.00023212,81,4.8113
0.5,27,0.32794,0.32524,2.6491,2.6491,1.7614,13.608,40.598,8.4664,0.52138,0.00065939,0.19371,0.011929,0.00017341,83,5.1526
0.55,27,0.34684,0.34447,2.5628,2.5628,1.6484,14.978,41.968,8.4665,0.55558,0.00057795,0.18127,0.011895,0.00014223,83,5.5061
0.6,27,0.36606,0.36378,2.4817,2.4817,1.5458,16.349,43.339,8.4666,0.59094,0.00055635,0.16999,0.011865,0.00012839,80,5.8718
0.65,27,0.38565,0.38328,2.4055,2.4055,1.4523,17.722,44.712,8.4668,0.62749,0.0005767,0.15971,0.011836,0.00012504,83,6.2496
0.7,27,0.40561,0.40304,2.3337,2.3337,1.367,19.096,46.087,8.467,0.66522,0.00062532,0.15033,0.011811,0.00012761,81,6.6397
0.75,27,0.42597,0.42313,2.266,2.266,1.2888,20.472,47.463,8.4671,0.70414,0.00069177,0.14174,0.011787,0.00013311,81,7.0421
0.8,27,0.44675,0.4436,2.202,2.202,1.2171,21.85,48.841,8.4673,0.74425,0.00076806,0.13385,0.011765,0.00013956,81,7.4569
0.85,27,0.46797,0.46449,2.1414,2.1414,1.1511,23.23,50.222,8.4675,0.78557,0.0008481,0.1266,0.011746,0.00014575,80,7.8841
0.9,27,0.48964,0.48584,2.084,2.084,1.0902,24.612,51.604,8.4676,0.82811,0.00092724,0.11991,0.011727,0.00015093,80,8.3238
0.95,27,0.5118,0.50769,2.0295,2.0295,1.034,25.996,52.987,8.4678,0.87186,0.001002,0.11373,0.01171,0.00015469,80,8.7761
1,27,0.53444,0.53005,1.9777,1.9777,0.98191,27.381,54.373,8.4679,0.91683,0.0010696,0.10801,0.011695,0.00015682,80,9.2411
0,28,2.4214,2.569,17.56,17.56,17.56,0,28,6.9818,4.7578,-0.036011,0.33583,0.22885,-0.01991,4,2.4495
0.05,28,2.6109,2.6442,17.733,17.733,16.883,1.43,29.365,6.9603,4.9027,-0.0081317,0.30439,0.2144,-0.0040875,4,2.7067
0.1,28,2.8021,2.7067,17.912,17.912,16.268,2.8665,30.74,6.9407,5.0449,0.023282,0.27699,0.20133,0.010679,4,2.9785
0.15,28,3.0587,2.7606,17.948,17.948,15.576,4.3155,32.133,6.9176,5.2543,0.072731,0.25265,0.1919,0.030532,5,3.2664
0.2,28,3.1062,2.6426,17.91,17.91,14.886,5.7501,33.518,6.9988,5.1081,0.11314,0.23493,0.17146,0.043652,6,3.565
0.25,28,0.24554,0.2369,2.9585,2.9585,2.3646,7.0343,35.027,8.4671,0.39405,0.0021095,0.26026,0.012112,0.00074528,29,3.835
0.3,28,0.26439,0.25807,2.8447,2.8447,2.1855,8.4464,36.438,8.467,0.42445,0.0015422,0.24048,0.012055,0.00050345,82,4.1504
0.35,28,0.28337,0.27884,2.7391,2.7391,2.0259,9.86,37.852,8.4669,0.45621,0.0011066,0.22286,0.012008,0.00033479,80,4.4787
0.4,28,0.3026,0.29924,2.6409,2.6409,1.8828,11.275,39.267,8.4669,0.48922,0.00081875,0.20708,0.011965,0.00023017,82,4.8198
0.45,28,0.32211,0.31944,2.5493,2.5493,1.7542,12.692,40.683,8.467,0.52347,0.00065236,0.19291,0.011927,0.00017084,83,5.1738
0.5,28,0.34194,0.33959,2.4635,2.4635,1.6381,14.11,42.102,8.4671,0.55897,0.00057362,0.18014,0.011892,0.00014027,79,5.5408
0.55,28,0.36211,0.35982,2.3832,2.3832,1.533,15.53,43.521,8.4672,0.59573,0.000557,0.16858,0.011861,0.00012747,80,5.9208
0.6,28,0.38264,0.38025,2.3078,2.3078,1.4375,16.952,44.943,8.4673,0.63375,0.00058321,0.15808,0.011832,0.00012515,81,6.3139
0.65,28,0.40358,0.40096,2.2369,2.2369,1.3506,18.375,46.366,8.4675,0.67303,0.00063765,0.14853,0.011806,0.00012856,80,6.7201
0.7,28,0.42493,0.42202,2.1701,2.1701,1.2712,19.8,47.792,8.4676,0.71359,0.00070929,0.13981,0.011782,0.00013461,83,7.1394
0.75,28,0.44672,0.44349,2.1071,2.1071,1.1985,21.227,49.218,8.4678,0.75543,0.00078975,0.13182,0.01176,0.00014131,81,7.572
0.8,28,0.46898,0.46541,2.0476,2.0476,1.1318,22.655,50.647,8.4679,0.79855,0.00087274,0.12449,0.01174,0.00014748,81,8.0179
0.85,28,0.49173,0.48782,1.9913,1.9913,1.0705,24.086,52.078,8.4681,0.84298,0.00095349,0.11774,0.011721,0.00015239,80,8.4772
0.9,28,0.51497,0.51076,1.9379,1.9379,1.0139,25.518,53.511,8.4682,0.8887,0.0010284,0.11153,0.011704,0.00015568,82,8.9499
0.95,28,0.53874,0.53426,1.8872,1.8872,0.9616,26.953,54.945,8.4684,0.93574,0.0010952,0.10578,0.011688,0.00015724,86,9.4361
1,28,0.56306,0.55833,1.8391,1.8391,0.9132,28.389,56.382,8.4685,0.98409,0.0011538,0.10046,0.011674,0.00015732,80,9.9359
0,29,2.5172,2.585,17.077,17.077,17.077,0,29,6.9891,4.8772,-0.016534,0.3134,0.2187,-0.0085219,4,2.6276
0.05,29,2.7086,2.6522,17.263,17.263,16.436,1.4797,30.416,6.9698,5.0193,0.013764,0.2841,0.2046,0.0064491,5,2.9031
0.1,29,2.9555,2.7141,17.351,17.351,15.758,2.9687,31.846,6.9445,5.2205,0.058903,0.25822,0.19412,0.025176,4,3.1949
0.15,29,3.0996,2.6535,17.298,17.298,15.015,4.4585,33.283,6.9902,5.2187,0.10883,0.23796,0.17765,0.042585,5,3.5012
0.2,29,2.6214,2.146,17.19,17.19,14.317,5.8799,34.661,7.2979,4.1938,0.11598,0.22908,0.13164,0.041848,7,3.807
0.25,29,0.25496,0.2484,2.7587,2.7587,2.2049,7.2856,36.279,8.4677,0.42095,0.0016009,0.24262,0.012061,0.00052722,80,4.1138
0.3,29,0.27486,0.2702,2.6526,2.6526,2.0379,8.7478,37.741,8.4676,0.45367,0.001136,0.22419,0.012011,0.0003457,83,4.4521
0.35,29,0.29498,0.29159,2.554,2.554,1.889,10.212,39.204,8.4676,0.48774,0.00082889,0.20776,0.011967,0.00023377,82,4.8041
0.4,29,0.3154,0.31272,2.4623,2.4623,1.7555,11.677,40.669,8.4676,0.52313,0.00065368,0.19306,0.011927,0.00017131,82,5.17
0.45,29,0.33614,0.33379,2.3767,2.3767,1.6355,13.144,42.136,8.4676,0.55986,0.00057264,0.17985,0.011891,0.0001398,81,5.5496
0.5,29,0.35722,0.35494,2.2967,2.2967,1.5272,14.613,43.605,8.4677,0.59793,0.00055754,0.16794,0.011859,0.0001271,80,5.9432
0.55,29,0.37869,0.37628,2.2218,2.2218,1.4292,16.083,45.075,8.4678,0.63734,0.00058726,0.15717,0.011829,0.00012529,82,6.3507
0.6,29,0.40057,0.39792,2.1515,2.1515,1.3402,17.555,46.547,8.4679,0.6781,0.00064596,0.14739,0.011803,0.00012923,80,6.7722
0.65,29,0.42289,0.41993,2.0853,2.0853,1.2592,19.028,48.021,8.4681,0.72023,0.00072178,0.13848,0.011778,0.00013567,83,7.2077
0.7,29,0.44567,0.44237,2.0231,2.0231,1.1852,20.504,49.496,8.4682,0.76372,0.00080585,0.13035,0.011756,0.00014258,82,7.6574
0.75,29,0.46894,0.46529,1.9644,1.9644,1.1174,21.981,50.974,8.4683,0.80859,0.00089151,0.1229,0.011735,0.00014872,82,8.1213
0.8,29,0.49272,0.48873,1.9089,1.9089,1.0552,23.461,52.453,8.4684,0.85484,0.00097381,0.11607,0.011717,0.00015342,83,8.5994
0.85,29,0.51704,0.51274,1.8564,1.8564,0.99804,24.942,53.935,8.4686,0.90247,0.0010491,0.10978,0.011699,0.00015632,80,9.0919
0.9,29,0.54191,0.53734,1.8066,1.8066,0.94529,26.425,55.418,8.4687,0.95151,0.0011153,0.10399,0.011684,0.00015741,81,9.5988
0.95,29,0.56736,0.56255,1.7594,1.7594,0.89656,27.91,56.904,8.4688,1.002,0.0011733,0.09863,0.011669,0.00015706,80,10.12
1,29,0.59341,0.5884,1.7146,1.7146,0.85144,29.398,58.391,8.4689,1.0538,0.0012243,0.093669,0.011656,0.00015564,81,10.656
0,30,2.609,2.5958,16.64,16.64,16.64,0,30,6.997,4.9869,0.0032152,0.29318,0.20895,0.0015485,4,2.8119
0.05,30,2.8355,2.6602,16.779,16.779,15.975,1.5302,31.468,6.9741,5.1643,0.042775,0.26559,0.19667,0.018724,5,3.1066
0.1,30,3.0705,2.6623,16.736,16.736,15.199,3.0688,32.951,6.9814,5.3046,0.099589,0.24248,0.18424,0.039758,4,3.4184
0.15,30,2.8161,2.3307,16.72,16.72,14.528,4.5744,34.406,7.1902,4.6576,0.11845,0.22905,0.14837,0.043371,6,3.7383
0.2,30,0.24459,0.23763,2.6859,2.6859,2.2367,6.026,36.02,8.4684,0.41531,0.001699,0.24613,0.012071,0.00056759,82,4.0551
0.25,30,0.2654,0.26051,2.5785,2.5785,2.0609,7.5368,37.531,8.4682,0.44889,0.0011936,0.22672,0.012018,0.00036731,81,4.4024
0.3,30,0.28642,0.28291,2.4792,2.4792,1.9047,9.0492,39.043,8.4681,0.48392,0.00085576,0.20949,0.011972,0.00024334,83,4.7643
0.35,30,0.30772,0.305,2.3869,2.3869,1.7654,10.563,40.556,8.4681,0.52036,0.00066355,0.19415,0.01193,0.00017486,81,5.141
0.4,30,0.32934,0.32699,2.3011,2.3011,1.6406,12.079,42.072,8.4681,0.55823,0.0005747,0.18041,0.011893,0.00014074,79,5.5324
0.45,30,0.35132,0.34904,2.221,2.221,1.5284,13.596,43.589,8.4682,0.59752,0.00055746,0.16807,0.011859,0.00012718,80,5.9386
0.5,30,0.37369,0.37128,2.1462,2.1462,1.4272,15.115,45.108,8.4682,0.63824,0.0005883,0.15695,0.011829,0.00012533,80,6.3597
0.55,30,0.39649,0.39383,2.0762,2.0762,1.3356,16.636,46.629,8.4683,0.6804,0.00064978,0.14688,0.011801,0.00012954,81,6.7956
0.6,30,0.41974,0.41676,2.0104,2.0104,1.2524,18.158,48.151,8.4684,0.72402,0.00072896,0.13774,0.011776,0.00013628,80,7.2466
0.65,30,0.44348,0.44014,1.9487,1.9487,1.1767,19.682,49.675,8.4686,0.76909,0.00081623,0.12942,0.011753,0.00014338,83,7.7125
0.7,30,0.46774,0.46403,1.8905,1.8905,1.1075,21.208,51.201,8.4687,0.81562,0.00090448,0.12182,0.011732,0.00014955,81,8.1936
0.75,30,0.49253,0.48848,1.8356,1.8356,1.0442,22.736,52.73,8.4688,0.86362,0.00098846,0.11486,0.011713,0.0001541,85,8.6899
0.8,30,0.51789,0.51352,1.7838,1.7838,0.98615,24.266,54.26,8.4689,0.9131,0.0010644,0.10848,0.011696,0.0001567,81,9.2014
0.85,30,0.54383,0.53919,1.7348,1.7348,0.9327,25.798,55.792,8.469,0.96407,0.0011306,0.1026,0.01168,0.00015744,83,9.7283
0.9,30,0.57038,0.56551,1.6883,1.6883,0.88342,27.332,57.326,8.4691,1.0165,0.0011884,0.097185,0.011665,0.00015675,83,10.271
0.95,30,0.59758,0.59251,1.6442,1.6442,0.83789,28.868,58.862,8.4692,1.0705,0.0012391,0.092179,0.011652,0.00015501,80,10.828
1,30,0.62545,0.62019,1.6023,1.6023,0.79573,30.407,60.401,8.4693,1.126,0.0012836,0.087544,0.011639,0.0001525,80,11.402
0,31,2.7136,2.6038,16.215,16.215,16.215,0,31,7.0026,5.1059,0.026788,0.27479,0.20036,0.012083,4,3.0025
0.05,31,2.9932,2.6524,16.225,16.225,15.447,1.5816,32.522,6.983,5.3263,0.083162,0.24898,0.18991,0.034082,5,3.3172
0.1,31,2.9295,2.4472,16.207,16.207,14.725,3.1548,34.041,7.118,4.9806,0.11767,0.23164,0.16209,0.044017,5,3.6464
0.15,31,0.23319,0.22565,2.6252,2.6252,2.2818,4.6676,35.663,8.469,0.4076,0.0018412,0.25111,0.012085,0.0006275,82,3.9748
0.2,31,0.25492,0.24966,2.516,2.516,2.0952,6.227,37.222,8.4688,0.44191,0.0012842,0.23051,0.012028,0.00040178,83,4.33
0.25,31,0.27682,0.27312,2.4153,2.4153,1.9304,7.788,38.783,8.4686,0.4778,0.00090244,0.21233,0.011979,0.00026007,83,4.7008
0.3,31,0.29899,0.29619,2.3221,2.3221,1.784,9.3507,40.345,8.4686,0.51519,0.0006835,0.1962,0.011936,0.00018202,86,5.0872
0.35,31,0.32148,0.3191,2.2356,2.2356,1.6535,10.915,41.909,8.4685,0.55408,0.00058041,0.18183,0.011897,0.00014324,79,5.4893
0.4,31,0.34433,0.34205,2.1551,2.1551,1.5365,12.481,43.475,8.4686,0.5945,0.00055685,0.16897,0.011862,0.00012771,80,5.9072
0.45,31,0.36758,0.36518,2.0801,2.0801,1.4314,14.048,45.042,8.4686,0.63644,0.00058621,0.15741,0.01183,0.00012525,81,6.3408
0.5,31,0.39127,0.38861,2.01,2.01,1.3366,15.618,46.611,8.4687,0.67992,0.00064894,0.14699,0.011802,0.00012947,80,6.7903
0.55,31,0.41543,0.41243,1.9444,1.9444,1.2508,17.189,48.182,8.4688,0.72493,0.00073068,0.13757,0.011776,0.00013643,81,7.2557
0.6,31,0.44009,0.43673,1.8828,1.8828,1.173,18.762,49.755,8.4689,0.77149,0.00082086,0.12901,0.011752,0.00014373,80,7.7371
0.65,31,0.4653,0.46156,1.825,1.825,1.102,20.336,51.33,8.469,0.8196,0.00091175,0.12121,0.011731,0.00015,81,8.2345
0.7,31,0.49107,0.48698,1.7705,1.7705,1.0373,21.913,52.907,8.4691,0.86928,0.00099771,0.1141,0.011711,0.0001545,83,8.7481
0.75,31,0.51743,0.51302,1.7191,1.7191,0.97802,23.491,54.485,8.4692,0.92052,0.0010747,0.10758,0.011693,0.00015692,87,9.2779
0.8,31,0.54441,0.53973,1.6706,1.6706,0.92362,25.072,56.066,8.4693,0.97335,0.0011415,0.1016,0.011677,0.00015741,83,9.8239
0.85,31,0.57204,0.56713,1.6247,1.6247,0.87357,26.655,57.649,8.4694,1.0278,0.0011997,0.096102,0.011662,0.00015647,80,10.386
0.9,31,0.60035,0.59523,1.5812,1.5812,0.82743,28.24,59.234,8.4695,1.0838,0.0012504,0.091029,0.011649,0.00015447,80,10.965
0.95,31,0.62937,0.62406,1.5399,1.5399,0.78479,29.827,60.821,8.4696,1.1415,0.0012948,0.08634,0.011636,0.00015172,80,11.561
1,31,0.65911,0.65364,1.5006,1.5006,0.74531,31.416,62.411,8.4697,1.2008,0.0013338,0.081999,0.011625,0.00014843,84,12.173
0,32,2.8601,2.6131,15.747,15.747,15.747,0,32,7.0021,5.2677,0.060267,0.25787,0.19399,0.025511,3,3.1993
0.05,32,2.9885,2.5278,15.7,15.7,14.948,1.6287,33.571,7.0638,5.2182,0.11241,0.23637,0.17461,0.043234,10,3.5338
0.1,32,-1.7546,2.223,2.8658,2.3697,2.1535,3.2121,35.21,7.7895,0.39599,0.0013319,0.23695,0.012046,0.0004657,81,4.2123
0.15,32,0.24334,0.23754,2.4643,2.4643,2.1418,4.8184,36.815,8.4694,0.43279,0.0014144,0.23566,0.012042,0.00045235,83,4.2354
0.2,32,0.26611,0.26212,2.3617,2.3617,1.9667,6.428,38.423,8.4691,0.46941,0.00097436,0.21633,0.01199,0.00028607,83,4.6138
0.25,32,0.28914,0.2862,2.267,2.267,1.8119,8.0393,40.034,8.469,0.50764,0.00071658,0.19927,0.011944,0.0001938,83,5.0089
0.3,32,0.31248,0.31006,2.1794,2.1794,1.6744,9.6522,41.647,8.4689,0.54747,0.00059135,0.18413,0.011903,0.00014779,84,5.4206
0.35,32,0.33618,0.3339,2.0981,2.0981,1.5518,11.267,43.261,8.4689,0.5889,0.00055646,0.17065,0.011866,0.00012888,81,5.849
0.4,32,0.36028,0.3579,2.0225,2.0225,1.442,12.883,44.877,8.469,0.63196,0.00058126,0.15858,0.011833,0.0001251,80,6.2942
0.45,32,0.38483,0.38219,1.9521,1.9521,1.3434,14.501,46.495,8.469,0.67664,0.00064348,0.14774,0.011804,0.00012902,80,6.7562
0.5,32,0.40987,0.40689,1.8863,1.8863,1.2544,16.12,48.115,8.4691,0.72296,0.00072689,0.13796,0.011777,0.0001361,83,7.2351
0.55,32,0.43543,0.43207,1.8247,1.8247,1.1739,17.742,49.736,8.4691,0.77091,0.00081972,0.12911,0.011752,0.00014364,83,7.7309
0.6,32,0.46155,0.45781,1.767,1.767,1.1008,19.365,51.359,8.4692,0.82052,0.0009134,0.12108,0.01173,0.0001501,83,8.2437
0.65,32,0.48827,0.48416,1.7127,1.7127,1.0343,20.99,52.985,8.4693,0.87177,0.0010017,0.11377,0.01171,0.00015467,82,8.7737
0.7,32,0.5156,0.51117,1.6616,1.6616,0.97351,22.618,54.612,8.4694,0.9247,0.0010804,0.10709,0.011692,0.00015702,84,9.3208
0.75,32,0.54358,0.53888,1.6134,1.6134,0.91789,24.247,56.241,8.4695,0.9793,0.0011484,0.10097,0.011675,0.00015737,82,9.8852
0.8,32,0.57225,0.56731,1.5679,1.5679,0.86685,25.878,57.873,8.4696,1.0356,0.0012072,0.095363,0.01166,0.00015624,81,10.467
0.85,32,0.60164,0.59648,1.5248,1.5248,0.81989,27.512,59.506,8.4697,1.0936,0.0012584,0.0902,0.011646,0.00015404,83,11.066
0.9,32,0.63177,0.62643,1.4839,1.4839,0.77659,29.147,61.142,8.4698,1.1533,0.0013031,0.085438,0.011634,0.00015109,85,11.683
0.95,32,0.66267,0.65717,1.4452,1.4452,0.73657,30.786,62.781,8.4699,1.2148,0.0013422,0.081038,0.011623,0.00014761,84,12.317
1,32,0.69435,0.68871,1.4084,1.4084,0.69952,32.426,64.421,8.4699,1.278,0.0013766,0.076964,0.011612,0.00014378,82,12.969
0,33,2.974,2.5723,15.237,15.237,15.237,0,33,7.0298,5.3513,0.098021,0.24343,0.18531,0.039015,4,3.4024
0.05,33,2.6802,2.1919,15.209,15.209,14.485,1.6681,34.612,7.2682,4.6099,0.11915,0.22879,0.14511,0.043112,7,3.7556
0.1,33,0.23059,0.22407,2.4228,2.4228,2.2019,3.311,36.308,8.4699,0.4216,0.0015922,0.24229,0.01206,0.00052351,82,4.1194
0.15,33,0.25425,0.24982,2.3177,2.3177,2.0144,4.9692,37.966,8.4696,0.45883,0.0010798,0.22159,0.012004,0.00032472,83,4.5043
0.2,33,0.27812,0.27497,2.221,2.221,1.8496,6.629,39.625,8.4694,0.49778,0.00076768,0.20342,0.011955,0.00021193,78,4.9067
0.25,33,0.30229,0.29979,2.1319,2.1319,1.7039,8.2905,41.286,8.4693,0.53842,0.00061032,0.18737,0.011912,0.0001552,78,5.3268
0.3,33,0.32682,0.32453,2.0494,2.0494,1.5745,9.9536,42.949,8.4693,0.58077,0.00055777,0.17315,0.011873,0.00013107,79,5.7646
0.35,33,0.35175,0.3494,1.9729,1.9729,1.4592,11.618,44.613,8.4693,0.62483,0.00057416,0.16047,0.011838,0.00012504,83,6.2202
0.4,33,0.37714,0.37454,1.9018,1.9018,1.356,13.285,46.28,8.4693,0.67061,0.00063366,0.14912,0.011807,0.00012824,83,6.6935
0.45,33,0.40302,0.40008,1.8356,1.8356,1.2632,14.953,47.948,8.4693,0.71812,0.00071769,0.13892,0.011779,0.00013531,80,7.1848
0.5,33,0.42944,0.42611,1.7737,1.7737,1.1795,16.623,49.618,8.4694,0.76736,0.00081282,0.12973,0.011754,0.00014311,5,7.694
0.55,33,0.45645,0.45272,1.7158,1.7158,1.1038,18.295,51.29,8.4695,0.81836,0.00090944,0.12141,0.011731,0.00014985,82,8.2212
0.6,33,0.48407,0.47997,1.6615,1.6615,1.0351,19.969,52.964,8.4695,0.8711,0.0010007,0.11386,0.011711,0.00015462,83,8.7665
0.65,33,0.51234,0.50791,1.6104,1.6104,0.97256,21.645,54.639,8.4696,0.92561,0.0010816,0.10698,0.011692,0.00015704,84,9.3299
0.7,33,0.54129,0.53657,1.5624,1.5624,0.91544,23.322,56.317,8.4697,0.98189,0.0011513,0.1007,0.011675,0.00015735,79,9.9117
0.75,33,0.57096,0.566,1.5171,1.5171,0.86315,25.002,57.997,8.4698,1.04,0.0012114,0.094956,0.011659,0.00015611,83,10.512
0.8,33,0.60139,0.59621,1.4743,1.4743,0.81515,26.684,59.68,8.4699,1.0998,0.0012634,0.089679,0.011645,0.00015376,81,11.13
0.85,33,0.63259,0.62723,1.4338,1.4338,0.771,28.369,61.364,8.4699,1.1615,0.0013087,0.084824,0.011632,0.00015065,80,11.767
0.9,33,0.66461,0.65908,1.3954,1.3954,0.73029,30.056,63.051,8.47,1.2251,0.0013482,0.080347,0.011621,0.000147,82,12.423
0.95,33,0.69745,0.69178,1.359,1.359,0.69266,31.745,64.74,8.4701,1.2904,0.0013828,0.076209,0.011611,0.000143,82,13.098
1,33,0.73114,0.72535,1.3244,1.3244,0.65783,33.436,66.432,8.4702,1.3577,0.0014132,0.072378,0.011601,0.0001388,82,13.791
0,34,2.8768,2.3961,14.794,14.794,14.794,0,34,7.1411,5.0982,0.11728,0.23295,0.16631,0.043976,4,3.6117
0.05,34,-1.357,1.811,2.6135,2.7127,2.5832,1.7049,35.704,9.612,0.41212,0.0032091,0.28435,0.012192,0.0010912,82,3.51
0.1,34,1.6983,-1.2416,2.0687,1.9734,1.7935,3.4116,37.409,7.3196,0.44305,0.00060007,0.19724,0.011939,0.00018586,83,5.0604
0.15,34,0.26588,0.26242,2.1837,2.1837,1.8979,5.1199,39.117,8.4699,0.48567,0.00084421,0.20875,0.01197,0.00023915,84,4.7814
0.2,34,0.29087,0.28824,2.0925,2.0925,1.7425,6.83,40.826,8.4697,0.527,0.00064163,0.19163,0.011923,0.00016686,80,5.2086
0.25,34,0.31621,0.3139,2.0084,2.0084,1.6052,8.5417,42.538,8.4696,0.57014,0.00056319,0.17652,0.011882,0.00013491,81,5.6545
0.3,34,0.34195,0.33963,1.9306,1.9306,1.4833,10.255,44.251,8.4696,0.61508,0.00056615,0.16311,0.011846,0.00012533,82,6.1192
0.35,34,0.36814,0.3656,1.8585,1.8585,1.3746,11.97,45.966,8.4696,0.66185,0.00062008,0.15117,0.011813,0.00012721,80,6.6027
0.4,34,0.39484,0.39196,1.7915,1.7915,1.2774,13.687,47.682,8.4696,0.71044,0.00070326,0.14048,0.011784,0.00013407,8,7.1052
0.45,34,0.4221,0.41882,1.7291,1.7291,1.19,15.406,49.401,8.4696,0.76087,0.00080019,0.13088,0.011757,0.00014212,81,7.6266
0.5,34,0.44995,0.44626,1.6708,1.6708,1.1112,17.126,51.121,8.4697,0.81314,0.00089984,0.12222,0.011734,0.00014925,80,8.167
0.55,34,0.47844,0.47437,1.6163,1.6163,1.0399,18.848,52.844,8.4697,0.86726,0.0009944,0.11438,0.011712,0.00015436,80,8.7265
0.6,34,0.50761,0.50319,1.5651,1.5651,0.97513,20.573,54.568,8.4698,0.92325,0.0010784,0.10727,0.011693,0.00015699,83,9.3053
0.65,34,0.53748,0.53277,1.5171,1.5171,0.91621,22.299,56.294,8.4699,0.9811,0.0011504,0.10079,0.011675,0.00015735,81,9.9034
0.7,34,0.56811,0.56314,1.4718,1.4718,0.8624,24.028,58.023,8.47,1.0409,0.0012123,0.094874,0.011659,0.00015608,78,10.521
0.75,34,0.59953,0.59435,1.4292,1.4292,0.81315,25.758,59.754,8.47,1.1025,0.0012656,0.089459,0.011644,0.00015364,8,11.158
0.8,34,0.63177,0.6264,1.3889,1.3889,0.76794,27.491,61.487,8.4701,1.1661,0.0013118,0.084488,0.011631,0.0001504,82,11.814
0.85,34,0.66486,0.65932,1.3507,1.3507,0.72635,29.226,63.222,8.4702,1.2316,0.0013519,0.079914,0.01162,0.00014661,84,12.49
0.9,34,0.69882,0.69314,1.3146,1.3146,0.688,30.964,64.96,8.4702,1.299,0.001387,0.075696,0.011609,0.00014247,83,13.186
0.95,34,0.73368,0.72786,1.2802,1.2802,0.65256,32.704,66.7,8.4703,1.3685,0.0014176,0.071799,0.0116,0.00013812,81,13.902
1,34,0.76944,0.76352,1.2476,1.2476,0.61975,34.447,68.443,8.4704,1.4399,0.0014446,0.068189,0.011591,0.00013367,80,14.638
0,35,1.8136,-1.4489,2.1325,2.0409,2.0409,0,35,7.293,0.39019,0.00098475,0.22452,0.012012,0.00034845,22,4.4455
0.05,35,1.7668,-1.3438,2.0307,1.9369,1.8445,1.7551,36.754,7.2664,0.4282,0.00065234,0.20285,0.011954,0.00020932,82,4.9203
0.1,35,0.25237,0.24845,2.1546,2.1546,1.9582,3.512,38.51,8.4703,0.47142,0.00095698,0.21539,0.011988,0.00027971,82,4.634
0.15,35,0.27818,0.27535,2.0609,2.0609,1.7912,5.2706,40.268,8.4701,0.51331,0.00069173,0.19699,0.011938,0.00018491,83,5.0669
0.2,35,0.30432,0.30196,1.9747,1.9747,1.6444,7.0309,42.027,8.4699,0.5571,0.00057643,0.18083,0.011894,0.00014146,80,5.5195
0.25,35,0.33084,0.32855,1.8953,1.8953,1.5148,8.7929,43.789,8.4698,0.6028,0.00055927,0.16657,0.011855,0.00012642,81,5.992
0.3,35,0.35782,0.35535,1.8219,1.8219,1.3997,10.557,45.552,8.4698,0.65042,0.00060371,0.15393,0.011821,0.00012611,80,6.4844
0.35,35,0.38531,0.38251,1.7538,1.7538,1.2972,12.322,47.318,8.4698,0.69997,0.00068399,0.14266,0.01179,0.00013242,83,6.9967
0.4,35,0.41336,0.41016,1.6906,1.6906,1.2054,14.089,49.085,8.4698,0.75146,0.00078187,0.13257,0.011762,0.00014067,80,7.5291
0.45,35,0.44203,0.4384,1.6317,1.6317,1.1229,15.858,50.854,8.4699,0.80489,0.0008845,0.12351,0.011737,0.00014825,8,8.0815
0.5,35,0.47135,0.46732,1.5767,1.5767,1.0486,17.629,52.625,8.4699,0.86028,0.00098286,0.11534,0.011715,0.00015384,80,8.6542
0.55,35,0.50137,0.49698,1.5252,1.5252,0.98128,19.402,54.397,8.47,0.91763,0.0010707,0.10794,0.011694,0.00015684,81,9.247
0.6,35,0.53213,0.52743,1.477,1.477,0.92021,21.177,56.172,8.47,0.97695,0.0011457,0.10123,0.011676,0.00015739,82,9.8603
0.65,35,0.56367,0.55872,1.4316,1.4316,0.86461,22.954,57.949,8.4701,1.0383,0.0012098,0.095117,0.01166,0.00015616,80,10.494
0.7,35,0.59605,0.59086,1.3889,1.3889,0.81385,24.733,59.728,8.4702,1.1016,0.0012649,0.089536,0.011645,0.00015368,78,11.148
0.75,35,0.62928,0.6239,1.3487,1.3487,0.76737,26.514,61.51,8.4702,1.1669,0.0013123,0.084425,0.011631,0.00015035,83,11.823
0.8,35,0.66339,0.65785,1.3107,1.3107,0.72472,28.298,63.294,8.4703,1.2343,0.0013535,0.079734,0.011619,0.00014644,83,12.519
0.85,35,0.69843,0.69273,1.2747,1.2747,0.68547,30.084,65.08,8.4704,1.3038,0.0013892,0.075418,0.011609,0.00014218,82,13.235
0.9,35,0.73439,0.72857,1.2405,1.2405,0.64928,31.872,66.868,8.4704,1.3753,0.0014204,0.071438,0.011599,0.0001377,81,13.972
0.95,35,0.77132,0.76539,1.2082,1.2082,0.61584,33.663,68.66,8.4705,1.4489,0.0014478,0.06776,0.01159,0.00013312,81,14.731
1,35,0.80922,0.80318,1.1774,1.1774,0.58487,35.457,70.454,8.4706,1.5245,0.0014718,0.064353,0.011582,0.00012852,83,15.511
0,36,0.9421,-0.53467,2.2925,2.1856,2.1856,0,36,8.2647,0.4143,0.0015055,0.24049,0.012055,0.00050354,80,4.1503
0.05,36,-1.8435,2.3546,2.4382,1.9101,1.8189,1.8062,37.805,7.5814,0.45276,0.00064946,0.20004,0.011946,0.00019697,83,4.9896
0.1,36,-1.7621,2.3231,2.3328,1.8239,1.6575,3.614,39.612,7.5845,0.49508,0.00052158,0.18228,0.011898,0.00014408,82,5.4758
0.15,36,0.29111,0.28864,1.9481,1.9481,1.6932,5.4214,41.419,8.4703,0.54174,0.00060301,0.1862,0.011909,0.00015236,83,5.3605
0.2,36,0.31841,0.31613,1.8666,1.8666,1.5544,7.2319,43.229,8.4701,0.58806,0.00055657,0.17093,0.011867,0.0001291,83,5.8394
0.25,36,0.34615,0.34375,1.7914,1.7914,1.4318,9.0441,45.041,8.4701,0.63641,0.00058615,0.15745,0.01183,0.00012524,81,6.3393
0.3,36,0.3744,0.37169,1.722,1.722,1.323,10.858,46.854,8.47,0.68678,0.00066058,0.1455,0.011797,0.00013043,80,6.8602
0.35,36,0.40321,0.40011,1.6577,1.6577,1.2261,12.674,48.67,8.47,0.7392,0.00075805,0.13484,0.011768,0.00013872,83,7.4022
0.4,36,0.43266,0.42912,1.5979,1.5979,1.1393,14.491,50.487,8.4701,0.79367,0.00086334,0.12531,0.011742,0.00014681,7,7.9653
0.45,36,0.46277,0.45881,1.5422,1.5422,1.0614,16.311,52.307,8.4701,0.8502,0.00096583,0.11675,0.011718,0.00015301,81,8.5497
0.5,36,0.49361,0.48927,1.4903,1.4903,0.9911,18.132,54.128,8.4701,0.90879,0.0010582,0.10902,0.011697,0.00015655,8,9.1555
0.55,36,0.52521,0.52055,1.4416,1.4416,0.92752,19.955,55.951,8.4702,0.96946,0.001137,0.10203,0.011678,0.00015743,83,9.7826
0.6,36,0.55762,0.55269,1.396,1.396,0.8698,21.781,57.777,8.4703,1.0322,0.001204,0.095688,0.011661,0.00015634,82,10.431
0.65,36,0.5909,0.58573,1.3532,1.3532,0.81726,23.608,59.604,8.4703,1.0971,0.0012613,0.089911,0.011646,0.00015389,84,11.102
0.7,36,0.62507,0.6197,1.3129,1.3129,0.76928,25.438,61.434,8.4704,1.1641,0.0013105,0.084635,0.011632,0.00015051,78,11.794
0.75,36,0.66017,0.65462,1.2748,1.2748,0.72536,27.27,63.266,8.4704,1.2333,0.0013529,0.079805,0.01162,0.00014651,83,12.508
0.8,36,0.69622,0.69053,1.2389,1.2389,0.68504,29.105,65.101,8.4705,1.3046,0.0013896,0.075371,0.011608,0.00014212,82,13.243
0.85,36,0.73326,0.72743,1.2048,1.2048,0.64795,30.941,66.938,8.4705,1.3781,0.0014216,0.071291,0.011599,0.00013752,84,14.001
0.9,36,0.7713,0.76536,1.1726,1.1726,0.61374,32.781,68.777,8.4706,1.4538,0.0014494,0.067529,0.01159,0.00013282,80,14.781
0.95,36,0.81036,0.80432,1.142,1.142,0.58213,34.623,70.62,8.4707,1.5317,0.0014739,0.064052,0.011582,0.0001281,83,15.584
1,36,0.85045,0.84432,1.1129,1.1129,0.55286,36.468,72.465,8.4707,1.6117,0.0014953,0.060832,0.011575,0.00012343,81,16.409
0,37,-0.52896,0.97416,2.0671,2.1769,2.1769,0,37,8.6954,0.43754,0.0015573,0.23953,0.012053,0.00049308,79,4.167
0.05,37,0.14321,0.35186,2.0127,2.0282,1.9313,1.8556,38.855,8.504,0.47958,0.00090788,0.21243,0.01198,0.00026067,84,4.6986
0.1,37,-1.7587,2.3449,2.2255,1.7146,1.5582,3.7144,40.713,7.5315,0.52166,0.00049498,0.17135,0.011868,0.00012944,84,5.8251
0.15,37,0.30463,0.30233,1.8443,1.8443,1.6029,5.5721,42.57,8.4704,0.57096,0.0005627,0.17627,0.011882,0.00013459,80,5.6625
0.2,37,0.33311,0.33078,1.767,1.767,1.4715,7.4328,44.43,8.4703,0.61989,0.00056985,0.16181,0.011842,0.00012513,80,6.1684
0.25,37,0.3621,0.3595,1.6959,1.6959,1.3554,9.2953,46.292,8.4702,0.67096,0.00063417,0.14906,0.011807,0.00012827,83,6.6964
0.3,37,0.39165,0.38866,1.6301,1.6301,1.2524,11.16,48.156,8.4702,0.72417,0.00072911,0.13774,0.011776,0.00013628,80,7.2465
0.35,37,0.42183,0.4184,1.5692,1.5692,1.1607,13.026,50.022,8.4702,0.77954,0.00083629,0.12766,0.011748,0.00014487,7,7.819
0.4,37,0.4527,0.44884,1.5127,1.5127,1.0785,14.893,51.89,8.4703,0.83707,0.00094302,0.11863,0.011724,0.00015181,7,8.4138
0.45,37,0.48431,0.48005,1.46,1.46,1.0048,16.763,53.76,8.4703,0.89678,0.0010406,0.11052,0.011701,0.00015607,7,9.0311
0.5,37,0.51671,0.5121,1.4108,1.4108,0.93824,18.635,55.631,8.4703,0.95867,0.0011241,0.10321,0.011681,0.00015744,7,9.6709
0.55,37,0.54994,0.54505,1.3647,1.3647,0.87806,20.509,57.505,8.4704,1.0228,0.0011947,0.096595,0.011663,0.0001566,83,10.333
0.6,37,0.58407,0.57893,1.3216,1.3216,0.82343,22.385,59.381,8.4704,1.0891,0.0012548,0.090589,0.011647,0.00015425,81,11.019
0.65,37,0.61913,0.61378,1.281,1.281,0.77369,24.263,61.259,8.4705,1.1576,0.0013061,0.08512,0.011633,0.00015086,81,11.727
0.7,37,0.65516,0.64962,1.2429,1.2429,0.72828,26.143,63.14,8.4705,1.2285,0.0013502,0.080126,0.01162,0.0001468,78,12.457
0.75,37,0.69219,0.6865,1.2068,1.2068,0.6867,28.026,65.023,8.4706,1.3015,0.0013882,0.075553,0.011609,0.00014232,83,13.211
0.8,37,0.73024,0.72441,1.1728,1.1728,0.64853,29.911,66.908,8.4706,1.3769,0.0014211,0.071355,0.011599,0.0001376,81,13.989
0.85,37,0.76934,0.7634,1.1406,1.1406,0.61342,31.799,68.796,8.4707,1.4546,0.0014497,0.067493,0.01159,0.00013277,82,14.789
0.9,37,0.80951,0.80346,1.1101,1.1101,0.58104,33.69,70.686,8.4707,1.5345,0.0014747,0.063932,0.011582,0.00012793,80,15.613
0.95,37,0.85076,0.84463,1.0811,1.0811,0.55112,35.583,72.58,8.4708,1.6168,0.0014966,0.06064,0.011574,0.00012315,80,16.461
1,37,0.89312,0.88691,1.0536,1.0536,0.52341,37.479,74.476,8.4708,1.7014,0.0015158,0.057592,0.011568,0.00011846,81,17.332
0,38,-0.53283,1.0009,1.9562,2.0682,2.0682,0,38,8.7124,0.46027,0.0012475,0.22753,0.01202,0.00037449,83,4.3867
0.05,38,-1.8328,2.3916,2.2215,1.6909,1.6102,1.9066,39.906,7.4772,0.50184,0.00049833,0.17706,0.011884,0.00013564,82,5.637
0.1,38,0.28948,0.28709,1.8283,1.8283,1.6616,3.8134,41.812,8.4707,0.55163,0.00058454,0.18272,0.011899,0.00014493,84,5.4625
0.15,38,0.3187,0.31641,1.7485,1.7485,1.5197,5.7228,43.72,8.4706,0.60099,0.00055861,0.16711,0.011857,0.00012667,80,5.9728
0.2,38,0.3484,0.34591,1.6752,1.6752,1.395,7.6338,45.631,8.4705,0.65259,0.00060666,0.15341,0.011819,0.00012629,80,6.5063
0.25,38,0.37865,0.3758,1.6078,1.6078,1.285,9.5465,47.544,8.4704,0.70645,0.0006958,0.14131,0.011786,0.00013343,83,7.0632
0.3,38,0.40954,0.40625,1.5454,1.5454,1.1873,11.461,49.458,8.4704,0.76257,0.00080344,0.13059,0.011756,0.00014237,80,7.6435
0.35,38,0.44113,0.43738,1.4877,1.4877,1.1003,13.377,51.374,8.4704,0.82097,0.00091415,0.12103,0.01173,0.00015013,7,8.2473
0.4,38,0.47347,0.4693,1.434,1.434,1.0225,15.296,53.292,8.4704,0.88166,0.0010174,0.11247,0.011707,0.00015528,6,8.8747
0.45,38,0.50662,0.50208,1.3841,1.3841,0.95255,17.216,55.212,8.4705,0.94463,0.0011066,0.10478,0.011686,0.00015735,7,9.5257
0.5,38,0.54063,0.53578,1.3375,1.3375,0.8895,19.138,57.135,8.4705,1.0099,0.0011817,0.097853,0.011667,0.00015691,6,10.2
0.55,38,0.57556,0.57045,1.2938,1.2938,0.83245,21.062,59.059,8.4705,1.0775,0.0012451,0.091581,0.01165,0.00015474,82,10.899
0.6,38,0.61145,0.60613,1.2529,1.2529,0.78066,22.989,60.986,8.4706,1.1475,0.0012991,0.085887,0.011635,0.0001514,81,11.622
0.65,38,0.64836,0.64285,1.2145,1.2145,0.73351,24.918,62.914,8.4706,1.2198,0.0013452,0.080702,0.011622,0.00014731,82,12.369
0.7,38,0.6863,0.68063,1.1783,1.1783,0.69046,26.849,64.846,8.4707,1.2946,0.0013848,0.075967,0.01161,0.00014275,78,13.139
0.75,38,0.72532,0.7195,1.1442,1.1442,0.65105,28.782,66.779,8.4707,1.3717,0.001419,0.071632,0.011599,0.00013793,82,13.935
0.8,38,0.76542,0.75949,1.1119,1.1119,0.61487,30.719,68.715,8.4708,1.4512,0.0014486,0.067652,0.01159,0.00013298,82,14.754
0.85,38,0.80665,0.8006,1.0814,1.0814,0.58158,32.657,70.654,8.4708,1.5331,0.0014743,0.063991,0.011582,0.00012801,83,15.599
0.9,38,0.84901,0.84287,1.0525,1.0525,0.55088,34.599,72.596,8.4709,1.6175,0.0014968,0.060614,0.011574,0.00012311,81,16.468
0.95,38,0.89252,0.88631,1.025,1.025,0.52251,36.543,74.54,8.4709,1.7043,0.0015164,0.057493,0.011567,0.0001183,80,17.361
1,38,0.93721,0.93092,0.99889,0.99889,0.49624,38.49,76.487,8.471,1.7936,0.0015337,0.054603,0.011562,0.00011364,83,18.28
0,39,-1.4178,1.9337,2.1449,2.2456,2.2456,0,39,9.9673,0.48699,0.0020325,0.24712,0.012074,0.00057922,85,4.0389
0.05,39,-0.039731,0.58601,1.7962,1.8421,1.7541,1.9561,40.955,8.5801,0.53049,0.00066097,0.1929,0.011927,0.00017081,85,5.1742
0.1,39,0.30289,0.30061,1.7358,1.7358,1.5775,3.9139,42.912,8.4708,0.57982,0.00055821,0.17347,0.011874,0.00013139,81,5.7538
0.15,39,0.33329,0.33091,1.66,1.66,1.4427,5.8734,44.871,8.4707,0.63181,0.00058108,0.15865,0.011833,0.0001251,81,6.2913
0.2,39,0.36423,0.36153,1.5904,1.5904,1.3244,7.8347,46.832,8.4706,0.68616,0.00065946,0.14564,0.011798,0.00013033,81,6.8532
0.25,39,0.3958,0.39266,1.5263,1.5263,1.2199,9.7977,48.795,8.4706,0.74289,0.00076516,0.13416,0.011766,0.0001393,82,7.4398
0.3,39,0.42806,0.42446,1.4671,1.4671,1.1272,11.763,50.76,8.4705,0.80201,0.00087904,0.12398,0.011738,0.00014788,80,8.051
0.35,39,0.4611,0.45705,1.4123,1.4123,1.0446,13.729,52.726,8.4706,0.86352,0.0009882,0.1149,0.011713,0.00015408,7,8.687
0.4,39,0.49495,0.4905,1.3614,1.3614,0.9707,15.698,54.695,8.4706,0.92744,0.0010841,0.10678,0.011691,0.00015708,6,9.3478
0.45,39,0.52968,0.52491,1.314,1.314,0.90432,17.669,56.665,8.4706,0.99377,0.0011645,0.099482,0.011671,0.0001572,6,10.033
0.5,39,0.56536,0.56031,1.2697,1.2697,0.84446,19.641,58.638,8.4706,1.0626,0.0012321,0.092902,0.011654,0.00015533,6,10.744
0.55,39,0.60204,0.59676,1.2283,1.2283,0.79031,21.616,60.613,8.4707,1.1338,0.0012893,0.086947,0.011638,0.00015212,7,11.48
0.6,39,0.63977,0.63428,1.1895,1.1895,0.74115,23.593,62.59,8.4707,1.2075,0.001338,0.081541,0.011624,0.00014804,82,12.241
0.65,39,0.67857,0.67291,1.153,1.153,0.69639,25.573,64.569,8.4708,1.2837,0.0013795,0.076619,0.011612,0.00014343,84,13.028
0.7,39,0.71848,0.71268,1.1187,1.1187,0.65552,27.554,66.551,8.4708,1.3625,0.0014152,0.072124,0.011601,0.0001385,78,13.84
0.75,39,0.75954,0.75361,1.0862,1.0862,0.6181,29.539,68.536,8.4709,1.4437,0.001446,0.068008,0.011591,0.00013344,82,14.677
0.8,39,0.80176,0.79573,1.0556,1.0556,0.58375,31.526,70.523,8.4709,1.5275,0.0014727,0.06423,0.011582,0.00012835,83,15.541
0.85,39,0.84517,0.83904,1.0266,1.0266,0.55215,33.515,72.512,8.4709,1.6138,0.0014959,0.060754,0.011574,0.00012332,83,16.43
0.9,39,0.88978,0.88357,0.99918,0.99918,0.52301,35.508,74.505,8.471,1.7027,0.0015161,0.057548,0.011568,0.00011839,83,17.345
0.95,39,0.93562,0.92933,0.97311,0.97311,0.49608,37.503,76.5,8.471,1.7942,0.0015338,0.054585,0.011561,0.00011361,83,18.286
1,39,0.98269,0.97634,0.94834,0.94834,0.47114,39.501,78.499,8.4711,1.8883,0.0015494,0.051842,0.011556,0.00010899,81,19.254
0,40,1.0445,-0.54576,1.8722,1.7565,1.7565,0,40,8.1956,0.50607,0.00063358,0.19317,0.011928,0.00017165,84,5.1671
0.05,40,-0.084142,0.65665,1.7024,1.7566,1.6727,2.0063,42.005,8.6068,0.55691,0.00060002,0.18395,0.011903,0.0001474,81,5.426
0.1,40,0.31678,0.31447,1.6501,1.6501,1.4996,4.0143,44.013,8.4709,0.60874,0.00056215,0.16491,0.011851,0.00012579,83,6.0527
0.15,40,0.34838,0.34583,1.578,1.578,1.3714,6.0241,46.022,8.4708,0.66342,0.00062241,0.15082,0.011812,0.00012738,80,6.618
0.2,40,0.3806,0.37764,1.5118,1.5118,1.2589,8.0356,48.033,8.4707,0.7206,0.00072228,0.13845,0.011778,0.0001357,80,7.2092
0.25,40,0.41351,0.41008,1.4509,1.4509,1.1596,10.049,50.046,8.4707,0.78027,0.00083767,0.12754,0.011748,0.00014497,83,7.8262
0.3,40,0.44719,0.44329,1.3946,1.3946,1.0715,12.064,52.061,8.4707,0.84246,0.00095244,0.11786,0.011722,0.00015232,80,8.4691
0.35,40,0.48171,0.47738,1.3425,1.3425,0.99299,14.081,54.078,8.4707,0.90717,0.0010558,0.10923,0.011698,0.00015649,82,9.1381
0.4,40,0.51712,0.51244,1.2941,1.2941,0.92275,16.1,56.097,8.4707,0.97441,0.0011428,0.10151,0.011677,0.00015741,6,9.8332
0.45,40,0.5535,0.54852,1.2491,1.2491,0.85965,18.121,58.118,8.4707,1.0442,0.0012154,0.094572,0.011658,0.00015597,6,10.554
0.5,40,0.5909,0.58567,1.207,1.207,0.80276,20.144,60.141,8.4708,1.1166,0.0012765,0.088317,0.011641,0.00015298,5,11.302
0.55,40,0.62939,0.62394,1.1677,1.1677,0.75129,22.17,62.167,8.4708,1.1915,0.0013282,0.082656,0.011627,0.00014897,6,12.076
0.6,40,0.66899,0.66337,1.1308,1.1308,0.70456,24.197,64.194,8.4708,1.2691,0.0013722,0.077517,0.011614,0.00014433,81,12.877
0.65,40,0.70975,0.70397,1.0961,1.0961,0.66201,26.227,66.225,8.4709,1.3493,0.0014097,0.072838,0.011602,0.00013933,84,13.704
0.7,40,0.75169,0.74578,1.0634,1.0634,0.62316,28.26,68.257,8.4709,1.4322,0.001442,0.068565,0.011592,0.00013416,78,14.558
0.75,40,0.79485,0.78882,1.0326,1.0326,0.58759,30.295,70.292,8.471,1.5177,0.0014698,0.064652,0.011583,0.00012894,79,15.439
0.8,40,0.83924,0.83312,1.0035,1.0035,0.55494,32.333,72.33,8.471,1.6058,0.0014939,0.061061,0.011575,0.00012377,81,16.347
0.85,40,0.88489,0.87868,0.97597,0.97597,0.5249,34.373,74.371,8.471,1.6967,0.0015148,0.057756,0.011568,0.00011872,83,17.282
0.9,40,0.93181,0.92553,0.94986,0.94986,0.4972,36.417,76.414,8.4711,1.7902,0.0015331,0.054709,0.011562,0.00011381,81,18.245
0.95,40,0.98003,0.97368,0.92508,0.92508,0.4716,38.463,78.461,8.4711,1.8865,0.0015492,0.051892,0.011556,0.00010908,81,19.235
1,40,1.0296,1.0232,0.90152,0.90152,0.44789,40.513,80.51,8.4712,1.9854,0.0015632,0.049284,0.011551,0.00010454,81,20.253
